2026-08-17 10:03:34,866 - INFO - __main__ - Iniciando aplicacao Controle de Obras
2026-08-17 10:03:35,359 - INFO - __main__ - QApplication criado
2026-08-17 10:03:35,545 - INFO - __main__ - AppContainer criado
2026-08-17 10:03:35,625 - INFO - __main__ - Janela exibida
2026-08-17 10:09:31,496 - INFO - controle_obras.main - Iniciando aplicacao Controle de Obras
2026-08-17 10:09:31,531 - INFO - controle_obras.main - QApplication criado
2026-08-17 10:09:31,587 - INFO - controle_obras.main - AppContainer criado
2026-08-17 10:09:31,636 - INFO - controle_obras.main - Janela exibida
2026-08-17 10:13:41,565 - INFO - controle_obras.main - Iniciando aplicacao Controle de Obras
2026-08-17 10:13:41,598 - INFO - controle_obras.main - QApplication criado
2026-08-17 10:13:41,659 - INFO - controle_obras.main - AppContainer criado
2026-08-17 10:13:41,703 - INFO - controle_obras.main - Janela exibida
2026-08-17 10:13:50,266 - INFO - controle_obras.infrastructure.backup_history - Histórico: restauracao - iniciada
2026-08-17 10:13:50,266 - INFO - controle_obras.infrastructure.backup - Iniciando restauração de backup: C:\Users\cassi\Downloads\backup_2026-08-17_10-10-46.zip
2026-08-17 10:13:50,268 - INFO - controle_obras.infrastructure.backup - Fechando conexões SQLite ativas.
2026-08-17 10:13:50,292 - INFO - controle_obras.infrastructure.backup - Backup de segurança criado: C:\Users\cassi\OneDrive\Documentos\Controle de Obras\data\backups\backup_seguranca_antes_restore_2026-08-17_10-13-50.zip
2026-08-17 10:13:50,292 - INFO - controle_obras.infrastructure.backup - Fechando conexões SQLite ativas.
2026-08-17 10:13:50,318 - INFO - controle_obras.infrastructure.backup - Removido arquivo de banco: C:\Users\cassi\OneDrive\Documentos\Controle de Obras\data\app.db
2026-08-17 10:13:50,333 - INFO - controle_obras.infrastructure.backup - Executando validações pós-restauração.
2026-08-17 10:13:50,335 - INFO - controle_obras.infrastructure.backup - Validações pós-restauração concluídas.
2026-08-17 10:13:50,348 - INFO - controle_obras.infrastructure.backup - Restauração concluída com sucesso.
2026-08-17 10:13:50,348 - INFO - controle_obras.infrastructure.backup_history - Histórico: restauracao - concluida
2026-08-17 10:19:06,428 - INFO - __main__ - Iniciando aplicacao Controle de Obras
2026-08-17 10:19:06,543 - INFO - __main__ - QApplication criado
2026-08-17 10:19:06,813 - INFO - __main__ - AppContainer criado
2026-08-17 10:19:06,909 - INFO - __main__ - Janela exibida
2026-08-17 10:21:44,227 - INFO - controle_obras.main - Iniciando aplicacao Controle de Obras
2026-08-17 10:21:44,268 - INFO - controle_obras.main - QApplication criado
2026-08-17 10:21:44,801 - INFO - controle_obras.main - AppContainer criado
2026-08-17 10:21:44,842 - INFO - controle_obras.main - Janela exibida
2026-08-17 10:25:34,904 - INFO - controle_obras.main - Iniciando aplicacao Controle de Obras
2026-08-17 10:25:34,940 - INFO - controle_obras.main - QApplication criado
2026-08-17 10:25:34,991 - INFO - controle_obras.main - AppContainer criado
2026-08-17 10:25:35,037 - INFO - controle_obras.main - Janela exibida
2026-08-17 10:29:17,926 - INFO - controle_obras.main - Iniciando aplicacao Controle de Obras
2026-08-17 10:29:17,956 - INFO - controle_obras.main - QApplication criado
2026-08-17 10:29:18,003 - INFO - controle_obras.main - AppContainer criado
2026-08-17 10:29:18,051 - INFO - controle_obras.main - Janela exibida
2026-08-17 10:30:41,839 - INFO - controle_obras.main - Iniciando aplicacao Controle de Obras
2026-08-17 10:30:41,870 - INFO - controle_obras.main - QApplication criado
2026-08-17 10:30:41,934 - INFO - controle_obras.main - AppContainer criado
2026-08-17 10:30:41,980 - INFO - controle_obras.main - Janela exibida
2026-08-17 10:33:50,123 - INFO - controle_obras.main - Iniciando aplicacao Controle de Obras
2026-08-17 10:33:50,145 - INFO - controle_obras.main - QApplication criado
2026-08-17 10:33:50,533 - INFO - controle_obras.main - AppContainer criado
2026-08-17 10:33:50,571 - INFO - controle_obras.main - Janela exibida
2026-08-17 10:35:11,202 - INFO - controle_obras.main - Iniciando aplicacao Controle de Obras
2026-08-17 10:35:11,223 - INFO - controle_obras.main - QApplication criado
2026-08-17 10:35:11,559 - INFO - controle_obras.main - AppContainer criado
2026-08-17 10:35:11,603 - INFO - controle_obras.main - Janela exibida
2026-08-17 10:38:09,094 - INFO - controle_obras.main - Iniciando aplicacao Controle de Obras
2026-08-17 10:38:09,123 - INFO - controle_obras.main - QApplication criado
2026-08-17 10:38:09,441 - INFO - controle_obras.main - AppContainer criado
2026-08-17 10:38:09,479 - INFO - controle_obras.main - Janela exibida
2026-08-17 10:40:56,206 - INFO - controle_obras.main - Iniciando aplicacao Controle de Obras
2026-08-17 10:40:56,244 - INFO - controle_obras.main - QApplication criado
2026-08-17 10:40:56,634 - INFO - controle_obras.main - AppContainer criado
2026-08-17 10:40:56,672 - INFO - controle_obras.main - Janela exibida
2026-08-17 10:43:49,788 - INFO - controle_obras.main - Iniciando aplicacao Controle de Obras
2026-08-17 10:43:49,838 - INFO - controle_obras.main - QApplication criado
2026-08-17 10:43:50,422 - INFO - controle_obras.main - AppContainer criado
2026-08-17 10:43:50,455 - INFO - controle_obras.main - Janela exibida
2026-08-17 10:44:59,755 - INFO - controle_obras.main - Iniciando aplicacao Controle de Obras
2026-08-17 10:44:59,784 - INFO - controle_obras.main - QApplication criado
2026-08-17 10:45:00,072 - INFO - controle_obras.main - AppContainer criado
2026-08-17 10:45:00,113 - INFO - controle_obras.main - Janela exibida
2026-08-17 10:49:00,655 - INFO - controle_obras.main - Iniciando aplicacao Controle de Obras
2026-08-17 10:49:00,671 - INFO - controle_obras.main - QApplication criado
2026-08-17 10:49:00,766 - INFO - controle_obras.main - AppContainer criado
2026-08-17 10:49:00,869 - INFO - controle_obras.main - Janela exibida
2026-08-17 10:57:26,920 - INFO - controle_obras.main - Iniciando aplicacao Controle de Obras
2026-08-17 10:57:26,946 - INFO - controle_obras.main - QApplication criado
2026-08-17 10:57:27,094 - INFO - controle_obras.main - AppContainer criado
2026-08-17 10:57:27,136 - INFO - controle_obras.main - Janela exibida
2026-08-17 11:01:11,829 - INFO - controle_obras.main - Iniciando aplicacao Controle de Obras
2026-08-17 11:01:11,854 - INFO - controle_obras.main - QApplication criado
2026-08-17 11:01:12,009 - INFO - controle_obras.main - AppContainer criado
2026-08-17 11:01:12,053 - INFO - controle_obras.main - Janela exibida
2026-08-17 11:04:56,343 - INFO - controle_obras.main - Iniciando aplicacao Controle de Obras
2026-08-17 11:04:56,440 - INFO - controle_obras.main - QApplication criado
2026-08-17 11:04:56,773 - ERROR - controle_obras.main - Erro fatal na inicializacao da aplicacao
Traceback (most recent call last):
  File "C:\Users\cassi\OneDrive\Documentos\Controle de Obras\src\controle_obras\main.py", line 37, in main
    window = AppContainer()
             ^^^^^^^^^^^^^^
  File "C:\Users\cassi\OneDrive\Documentos\Controle de Obras\src\controle_obras\ui\app_container.py", line 56, in __init__
    self._init_ui()
  File "C:\Users\cassi\OneDrive\Documentos\Controle de Obras\src\controle_obras\ui\app_container.py", line 103, in _init_ui
    self.dashboard_screen = DashboardScreen(self)
                            ^^^^^^^^^^^^^^^^^^^^^
  File "C:\Users\cassi\OneDrive\Documentos\Controle de Obras\src\controle_obras\ui\dashboard_screen.py", line 33, in __init__
    self._init_ui()
  File "C:\Users\cassi\OneDrive\Documentos\Controle de Obras\src\controle_obras\ui\dashboard_screen.py", line 109, in _init_ui
    btn_limpar.clicked.connect(self._limpar_selecao)
                               ^^^^^^^^^^^^^^^^^^^^
AttributeError: 'DashboardScreen' object has no attribute '_limpar_selecao'
2026-08-17 11:06:11,965 - INFO - controle_obras.main - Iniciando aplicacao Controle de Obras
2026-08-17 11:06:12,021 - INFO - controle_obras.main - QApplication criado
2026-08-17 11:06:12,112 - INFO - controle_obras.main - AppContainer criado
2026-08-17 11:06:12,209 - INFO - controle_obras.main - Janela exibida
2026-08-17 11:08:33,213 - INFO - controle_obras.main - Iniciando aplicacao Controle de Obras
2026-08-17 11:08:33,254 - INFO - controle_obras.main - QApplication criado
2026-08-17 11:08:33,460 - INFO - controle_obras.main - AppContainer criado
2026-08-17 11:08:33,539 - INFO - controle_obras.main - Janela exibida
2026-08-17 11:12:26,870 - INFO - controle_obras.main - Iniciando aplicacao Controle de Obras
2026-08-17 11:12:26,905 - INFO - controle_obras.main - QApplication criado
2026-08-17 11:12:27,160 - INFO - controle_obras.main - AppContainer criado
2026-08-17 11:12:27,213 - INFO - controle_obras.main - Janela exibida
2026-08-17 11:14:31,882 - INFO - controle_obras.main - Iniciando aplicacao Controle de Obras
2026-08-17 11:14:31,914 - INFO - controle_obras.main - QApplication criado
2026-08-17 11:14:32,016 - INFO - controle_obras.main - AppContainer criado
2026-08-17 11:14:32,062 - INFO - controle_obras.main - Janela exibida
2026-08-17 11:19:10,842 - INFO - controle_obras.main - Iniciando aplicacao Controle de Obras
2026-08-17 11:19:10,868 - INFO - controle_obras.main - QApplication criado
2026-08-17 11:19:10,968 - INFO - controle_obras.main - AppContainer criado
2026-08-17 11:19:11,020 - INFO - controle_obras.main - Janela exibida
2026-08-17 11:23:21,072 - INFO - controle_obras.main - Iniciando aplicacao Controle de Obras
2026-08-17 11:23:21,120 - INFO - controle_obras.main - QApplication criado
2026-08-17 11:23:21,198 - INFO - controle_obras.main - AppContainer criado
2026-08-17 11:23:21,242 - INFO - controle_obras.main - Janela exibida
2026-08-17 11:26:52,988 - INFO - controle_obras.main - Iniciando aplicacao Controle de Obras
2026-08-17 11:26:53,021 - INFO - controle_obras.main - QApplication criado
2026-08-17 11:26:53,132 - INFO - controle_obras.main - AppContainer criado
2026-08-17 11:26:53,232 - INFO - controle_obras.main - Janela exibida
2026-08-17 11:36:38,871 - INFO - controle_obras.main - Iniciando aplicacao Controle de Obras
2026-08-17 11:36:38,903 - INFO - controle_obras.main - QApplication criado
2026-08-17 11:36:38,997 - INFO - controle_obras.main - AppContainer criado
2026-08-17 11:36:39,042 - INFO - controle_obras.main - Janela exibida
2026-08-17 11:40:50,845 - INFO - controle_obras.main - Iniciando aplicacao Controle de Obras
2026-08-17 11:40:50,881 - INFO - controle_obras.main - QApplication criado
2026-08-17 11:40:50,975 - INFO - controle_obras.main - AppContainer criado
2026-08-17 11:40:51,036 - INFO - controle_obras.main - Janela exibida
2026-08-17 11:49:58,685 - INFO - controle_obras.main - Iniciando aplicacao Controle de Obras
2026-08-17 11:49:58,721 - INFO - controle_obras.main - QApplication criado
2026-08-17 11:49:58,921 - INFO - controle_obras.main - AppContainer criado
2026-08-17 11:49:58,970 - INFO - controle_obras.main - Janela exibida
2026-08-17 11:55:18,676 - INFO - controle_obras.main - Iniciando aplicacao Controle de Obras
2026-08-17 11:55:18,700 - INFO - controle_obras.main - QApplication criado
2026-08-17 11:55:19,101 - INFO - controle_obras.main - AppContainer criado
2026-08-17 11:55:19,147 - INFO - controle_obras.main - Janela exibida
2026-08-17 12:01:22,152 - INFO - controle_obras.main - Iniciando aplicacao Controle de Obras
2026-08-17 12:01:22,187 - INFO - controle_obras.main - QApplication criado
2026-08-17 12:01:22,287 - INFO - controle_obras.main - AppContainer criado
2026-08-17 12:01:22,336 - INFO - controle_obras.main - Janela exibida
2026-08-17 12:08:35,771 - INFO - controle_obras.main - Iniciando aplicacao Controle de Obras
2026-08-17 12:08:35,807 - INFO - controle_obras.main - QApplication criado
2026-08-17 12:08:35,892 - INFO - controle_obras.main - AppContainer criado
2026-08-17 12:08:35,941 - INFO - controle_obras.main - Janela exibida
2026-08-17 12:09:41,309 - INFO - controle_obras.main - Iniciando aplicacao Controle de Obras
2026-08-17 12:09:41,352 - INFO - controle_obras.main - QApplication criado
2026-08-17 12:09:41,565 - INFO - controle_obras.main - AppContainer criado
2026-08-17 12:09:41,599 - INFO - controle_obras.main - Janela exibida
2026-08-17 12:11:20,347 - INFO - controle_obras.main - Iniciando aplicacao Controle de Obras
2026-08-17 12:11:20,393 - INFO - controle_obras.main - QApplication criado
2026-08-17 12:11:20,534 - INFO - controle_obras.main - AppContainer criado
2026-08-17 12:11:20,583 - INFO - controle_obras.main - Janela exibida
2026-08-17 12:14:01,941 - INFO - controle_obras.main - Iniciando aplicacao Controle de Obras
2026-08-17 12:14:01,964 - INFO - controle_obras.main - QApplication criado
2026-08-17 12:14:02,054 - INFO - controle_obras.main - AppContainer criado
2026-08-17 12:14:02,090 - INFO - controle_obras.main - Janela exibida
2026-08-17 12:16:30,260 - INFO - controle_obras.main - Iniciando aplicacao Controle de Obras
2026-08-17 12:16:30,294 - INFO - controle_obras.main - QApplication criado
2026-08-17 12:16:30,390 - INFO - controle_obras.main - AppContainer criado
2026-08-17 12:16:30,431 - INFO - controle_obras.main - Janela exibida
2026-08-17 12:19:22,939 - INFO - controle_obras.main - Iniciando aplicacao Controle de Obras
2026-08-17 12:19:22,973 - INFO - controle_obras.main - QApplication criado
2026-08-17 12:19:23,102 - ERROR - controle_obras.main - Erro fatal na inicializacao da aplicacao
Traceback (most recent call last):
  File "C:\Users\cassi\OneDrive\Documentos\Controle de Obras\src\controle_obras\main.py", line 37, in main
    window = AppContainer()
             ^^^^^^^^^^^^^^
  File "C:\Users\cassi\OneDrive\Documentos\Controle de Obras\src\controle_obras\ui\app_container.py", line 57, in __init__
    self._check_first_run()
  File "C:\Users\cassi\OneDrive\Documentos\Controle de Obras\src\controle_obras\ui\app_container.py", line 154, in _check_first_run
    self.show_dashboard()
  File "C:\Users\cassi\OneDrive\Documentos\Controle de Obras\src\controle_obras\ui\app_container.py", line 181, in show_dashboard
    self.dashboard_screen.carregar(obra_ativa_id)
  File "C:\Users\cassi\OneDrive\Documentos\Controle de Obras\src\controle_obras\ui\dashboard_screen.py", line 405, in carregar
    item_tipo.setForeground(CORES["aditivo"])
TypeError: 'PySide6.QtWidgets.QTableWidgetItem.setForeground' called with wrong argument types:
  PySide6.QtWidgets.QTableWidgetItem.setForeground(str)
Supported signatures:
  PySide6.QtWidgets.QTableWidgetItem.setForeground(brush: PySide6.QtGui.QBrush | PySide6.QtCore.Qt.BrushStyle | PySide6.QtCore.Qt.GlobalColor | PySide6.QtGui.QColor | PySide6.QtGui.QGradient | PySide6.QtGui.QImage | PySide6.QtGui.QPixmap, /)
2026-08-17 12:20:59,263 - INFO - controle_obras.main - Iniciando aplicacao Controle de Obras
2026-08-17 12:20:59,279 - INFO - controle_obras.main - QApplication criado
2026-08-17 12:20:59,399 - ERROR - controle_obras.main - Erro fatal na inicializacao da aplicacao
Traceback (most recent call last):
  File "C:\Users\cassi\OneDrive\Documentos\Controle de Obras\src\controle_obras\main.py", line 37, in main
    window = AppContainer()
             ^^^^^^^^^^^^^^
  File "C:\Users\cassi\OneDrive\Documentos\Controle de Obras\src\controle_obras\ui\app_container.py", line 57, in __init__
    self._check_first_run()
  File "C:\Users\cassi\OneDrive\Documentos\Controle de Obras\src\controle_obras\ui\app_container.py", line 154, in _check_first_run
    self.show_dashboard()
  File "C:\Users\cassi\OneDrive\Documentos\Controle de Obras\src\controle_obras\ui\app_container.py", line 181, in show_dashboard
    self.dashboard_screen.carregar(obra_ativa_id)
  File "C:\Users\cassi\OneDrive\Documentos\Controle de Obras\src\controle_obras\ui\dashboard_screen.py", line 405, in carregar
    item_tipo.setForeground(CORES["aditivo"])
TypeError: 'PySide6.QtWidgets.QTableWidgetItem.setForeground' called with wrong argument types:
  PySide6.QtWidgets.QTableWidgetItem.setForeground(str)
Supported signatures:
  PySide6.QtWidgets.QTableWidgetItem.setForeground(brush: PySide6.QtGui.QBrush | PySide6.QtCore.Qt.BrushStyle | PySide6.QtCore.Qt.GlobalColor | PySide6.QtGui.QColor | PySide6.QtGui.QGradient | PySide6.QtGui.QImage | PySide6.QtGui.QPixmap, /)
2026-08-17 12:23:06,606 - INFO - controle_obras.main - Iniciando aplicacao Controle de Obras
2026-08-17 12:23:06,631 - INFO - controle_obras.main - QApplication criado
2026-08-17 12:23:06,742 - INFO - controle_obras.main - AppContainer criado
2026-08-17 12:23:06,818 - INFO - controle_obras.main - Janela exibida
2026-08-17 12:23:10,084 - INFO - controle_obras.main - Iniciando aplicacao Controle de Obras
2026-08-17 12:23:10,115 - INFO - controle_obras.main - QApplication criado
2026-08-17 12:23:10,210 - INFO - controle_obras.main - AppContainer criado
2026-08-17 12:23:10,267 - INFO - controle_obras.main - Janela exibida
2026-08-17 12:25:47,649 - INFO - controle_obras.main - Iniciando aplicacao Controle de Obras
2026-08-17 12:25:47,685 - INFO - controle_obras.main - QApplication criado
2026-08-17 12:25:47,790 - INFO - controle_obras.main - AppContainer criado
2026-08-17 12:25:47,850 - INFO - controle_obras.main - Janela exibida
2026-08-17 12:26:12,719 - INFO - controle_obras.main - Iniciando aplicacao Controle de Obras
2026-08-17 12:26:12,743 - INFO - controle_obras.main - QApplication criado
2026-08-17 12:26:12,869 - INFO - controle_obras.main - AppContainer criado
2026-08-17 12:26:12,916 - INFO - controle_obras.main - Janela exibida
2026-08-17 12:26:37,945 - INFO - controle_obras.main - Iniciando aplicacao Controle de Obras
2026-08-17 12:26:37,967 - INFO - controle_obras.main - QApplication criado
2026-08-17 12:26:38,139 - INFO - controle_obras.main - AppContainer criado
2026-08-17 12:26:38,187 - INFO - controle_obras.main - Janela exibida
2026-08-17 12:31:55,217 - INFO - controle_obras.main - Iniciando aplicacao Controle de Obras
2026-08-17 12:31:55,247 - INFO - controle_obras.main - QApplication criado
2026-08-17 12:31:55,365 - INFO - controle_obras.main - AppContainer criado
2026-08-17 12:31:55,444 - INFO - controle_obras.main - Janela exibida
2026-08-17 12:33:19,560 - INFO - controle_obras.main - Iniciando aplicacao Controle de Obras
2026-08-17 12:33:19,603 - INFO - controle_obras.main - QApplication criado
2026-08-17 12:33:19,703 - INFO - controle_obras.main - AppContainer criado
2026-08-17 12:33:19,754 - INFO - controle_obras.main - Janela exibida
2026-08-17 12:39:36,973 - INFO - controle_obras.main - Iniciando aplicacao Controle de Obras
2026-08-17 12:39:37,005 - INFO - controle_obras.main - QApplication criado
2026-08-17 12:39:37,116 - INFO - controle_obras.main - AppContainer criado
2026-08-17 12:39:37,223 - INFO - controle_obras.main - Janela exibida
2026-08-17 12:40:30,416 - INFO - controle_obras.main - Iniciando aplicacao Controle de Obras
2026-08-17 12:40:30,457 - INFO - controle_obras.main - QApplication criado
2026-08-17 12:40:30,549 - INFO - controle_obras.main - AppContainer criado
2026-08-17 12:40:30,604 - INFO - controle_obras.main - Janela exibida
2026-08-17 12:46:30,928 - INFO - controle_obras.main - Iniciando aplicacao Controle de Obras
2026-08-17 12:46:30,957 - INFO - controle_obras.main - QApplication criado
2026-08-17 12:46:31,064 - INFO - controle_obras.main - AppContainer criado
2026-08-17 12:46:31,143 - INFO - controle_obras.main - Janela exibida
2026-08-17 12:46:34,530 - INFO - controle_obras.main - Iniciando aplicacao Controle de Obras
2026-08-17 12:46:34,559 - INFO - controle_obras.main - QApplication criado
2026-08-17 12:46:34,666 - INFO - controle_obras.main - AppContainer criado
2026-08-17 12:46:34,714 - INFO - controle_obras.main - Janela exibida
2026-08-17 12:49:37,524 - INFO - controle_obras.main - Iniciando aplicacao Controle de Obras
2026-08-17 12:49:37,556 - INFO - controle_obras.main - QApplication criado
2026-08-17 12:49:37,664 - INFO - controle_obras.main - AppContainer criado
2026-08-17 12:49:37,710 - INFO - controle_obras.main - Janela exibida
2026-08-17 12:51:51,253 - INFO - controle_obras.main - Iniciando aplicacao Controle de Obras
2026-08-17 12:51:51,283 - INFO - controle_obras.main - QApplication criado
2026-08-17 12:51:51,379 - INFO - controle_obras.main - AppContainer criado
2026-08-17 12:51:51,426 - INFO - controle_obras.main - Janela exibida
2026-08-17 12:53:00,113 - INFO - controle_obras.main - Iniciando aplicacao Controle de Obras
2026-08-17 12:53:00,147 - INFO - controle_obras.main - QApplication criado
2026-08-17 12:53:00,240 - INFO - controle_obras.main - AppContainer criado
2026-08-17 12:53:00,284 - INFO - controle_obras.main - Janela exibida
2026-08-17 12:55:11,354 - INFO - controle_obras.main - Iniciando aplicacao Controle de Obras
2026-08-17 12:55:11,380 - INFO - controle_obras.main - QApplication criado
2026-08-17 12:55:11,471 - INFO - controle_obras.main - AppContainer criado
2026-08-17 12:55:11,529 - INFO - controle_obras.main - Janela exibida
2026-08-17 12:55:39,462 - INFO - controle_obras.main - Iniciando aplicacao Controle de Obras
2026-08-17 12:55:39,489 - INFO - controle_obras.main - QApplication criado
2026-08-17 12:55:39,602 - INFO - controle_obras.main - AppContainer criado
2026-08-17 12:55:39,647 - INFO - controle_obras.main - Janela exibida
2026-08-17 12:56:36,090 - INFO - controle_obras.main - Iniciando aplicacao Controle de Obras
2026-08-17 12:56:36,111 - INFO - controle_obras.main - QApplication criado
2026-08-17 12:56:36,248 - INFO - controle_obras.main - AppContainer criado
2026-08-17 12:56:36,299 - INFO - controle_obras.main - Janela exibida
2026-08-17 12:57:00,637 - INFO - controle_obras.main - Iniciando aplicacao Controle de Obras
2026-08-17 12:57:00,669 - INFO - controle_obras.main - QApplication criado
2026-08-17 12:57:00,766 - INFO - controle_obras.main - AppContainer criado
2026-08-17 12:57:00,810 - INFO - controle_obras.main - Janela exibida
2026-08-17 13:00:08,444 - INFO - controle_obras.main - Iniciando aplicacao Controle de Obras
2026-08-17 13:00:08,476 - INFO - controle_obras.main - QApplication criado
2026-08-17 13:00:08,571 - INFO - controle_obras.main - AppContainer criado
2026-08-17 13:00:08,667 - INFO - controle_obras.main - Janela exibida
2026-08-17 13:00:15,281 - INFO - controle_obras.main - Iniciando aplicacao Controle de Obras
2026-08-17 13:00:15,318 - INFO - controle_obras.main - QApplication criado
2026-08-17 13:00:15,407 - INFO - controle_obras.main - AppContainer criado
2026-08-17 13:00:15,460 - INFO - controle_obras.main - Janela exibida
2026-08-17 13:02:53,448 - INFO - controle_obras.main - Iniciando aplicacao Controle de Obras
2026-08-17 13:02:53,481 - INFO - controle_obras.main - QApplication criado
2026-08-17 13:02:53,585 - INFO - controle_obras.main - AppContainer criado
2026-08-17 13:02:53,675 - INFO - controle_obras.main - Janela exibida
2026-08-17 13:02:55,842 - INFO - controle_obras.main - Iniciando aplicacao Controle de Obras
2026-08-17 13:02:55,861 - INFO - controle_obras.main - QApplication criado
2026-08-17 13:02:55,956 - INFO - controle_obras.main - AppContainer criado
2026-08-17 13:02:56,016 - INFO - controle_obras.main - Janela exibida
2026-08-17 13:05:51,125 - INFO - controle_obras.main - Iniciando aplicacao Controle de Obras
2026-08-17 13:05:51,152 - INFO - controle_obras.main - QApplication criado
2026-08-17 13:05:51,267 - INFO - controle_obras.main - AppContainer criado
2026-08-17 13:05:51,359 - INFO - controle_obras.main - Janela exibida
2026-08-17 14:13:24,347 - INFO - controle_obras.main - Iniciando aplicacao Controle de Obras
2026-08-17 14:13:24,437 - INFO - controle_obras.main - QApplication criado
2026-08-17 14:13:24,628 - INFO - controle_obras.main - AppContainer criado
2026-08-17 14:13:24,738 - INFO - controle_obras.main - Janela exibida
2026-08-17 14:16:10,145 - INFO - controle_obras.main - Iniciando aplicacao Controle de Obras
2026-08-17 14:16:10,192 - INFO - controle_obras.main - QApplication criado
2026-08-17 14:16:10,419 - INFO - controle_obras.main - AppContainer criado
2026-08-17 14:16:10,531 - INFO - controle_obras.main - Janela exibida
2026-08-17 14:17:09,012 - INFO - controle_obras.main - Iniciando aplicacao Controle de Obras
2026-08-17 14:17:09,057 - INFO - controle_obras.main - QApplication criado
2026-08-17 14:17:09,210 - INFO - controle_obras.main - AppContainer criado
2026-08-17 14:17:09,306 - INFO - controle_obras.main - Janela exibida
2026-08-17 15:12:10,064 - INFO - controle_obras.main - Iniciando aplicacao Controle de Obras
2026-08-17 15:12:10,153 - INFO - controle_obras.main - QApplication criado
2026-08-17 15:12:10,363 - INFO - controle_obras.main - AppContainer criado
2026-08-17 15:12:10,456 - INFO - controle_obras.main - Janela exibida
2026-08-17 15:17:07,624 - INFO - controle_obras.main - Iniciando aplicacao Controle de Obras
2026-08-17 15:17:07,823 - INFO - controle_obras.main - QApplication criado
2026-08-17 15:17:07,957 - INFO - controle_obras.main - AppContainer criado
2026-08-17 15:17:08,064 - INFO - controle_obras.main - Janela exibida
2026-08-17 15:17:09,799 - INFO - controle_obras.main - Iniciando aplicacao Controle de Obras
2026-08-17 15:17:09,838 - INFO - controle_obras.main - QApplication criado
2026-08-17 15:17:10,131 - INFO - controle_obras.main - AppContainer criado
2026-08-17 15:17:10,181 - INFO - controle_obras.main - Janela exibida
2026-08-17 15:17:35,032 - INFO - controle_obras.main - Iniciando aplicacao Controle de Obras
2026-08-17 15:17:35,064 - INFO - controle_obras.main - QApplication criado
2026-08-17 15:17:35,387 - INFO - controle_obras.main - AppContainer criado
2026-08-17 15:17:35,432 - INFO - controle_obras.main - Janela exibida
2026-08-17 15:20:21,931 - INFO - controle_obras.main - Iniciando aplicacao Controle de Obras
2026-08-17 15:20:21,973 - INFO - controle_obras.main - QApplication criado
2026-08-17 15:20:22,206 - INFO - controle_obras.main - AppContainer criado
2026-08-17 15:20:22,301 - INFO - controle_obras.main - Janela exibida
2026-08-17 15:20:34,997 - INFO - controle_obras.main - Iniciando aplicacao Controle de Obras
2026-08-17 15:20:35,032 - INFO - controle_obras.main - QApplication criado
2026-08-17 15:20:35,282 - INFO - controle_obras.main - AppContainer criado
2026-08-17 15:20:35,340 - INFO - controle_obras.main - Janela exibida
2026-08-17 15:23:09,536 - INFO - controle_obras.main - Iniciando aplicacao Controle de Obras
2026-08-17 15:23:09,589 - INFO - controle_obras.main - QApplication criado
2026-08-17 15:23:09,775 - INFO - controle_obras.main - AppContainer criado
2026-08-17 15:23:09,852 - INFO - controle_obras.main - Janela exibida
2026-08-17 15:23:28,741 - INFO - controle_obras.main - Iniciando aplicacao Controle de Obras
2026-08-17 15:23:28,773 - INFO - controle_obras.main - QApplication criado
2026-08-17 15:23:28,881 - INFO - controle_obras.main - AppContainer criado
2026-08-17 15:23:28,941 - INFO - controle_obras.main - Janela exibida
2026-08-17 15:26:43,811 - INFO - controle_obras.main - Iniciando aplicacao Controle de Obras
2026-08-17 15:26:44,440 - INFO - controle_obras.main - QApplication criado
2026-08-17 15:26:46,999 - INFO - controle_obras.main - AppContainer criado
2026-08-17 15:26:48,772 - INFO - controle_obras.main - Janela exibida
2026-08-17 15:27:18,240 - INFO - controle_obras.main - Iniciando aplicacao Controle de Obras
2026-08-17 15:27:18,275 - INFO - controle_obras.main - QApplication criado
2026-08-17 15:27:18,380 - INFO - controle_obras.main - AppContainer criado
2026-08-17 15:27:18,430 - INFO - controle_obras.main - Janela exibida
2026-08-17 15:30:35,775 - INFO - controle_obras.main - Iniciando aplicacao Controle de Obras
2026-08-17 15:30:35,841 - INFO - controle_obras.main - QApplication criado
2026-08-17 15:30:36,521 - INFO - controle_obras.main - AppContainer criado
2026-08-17 15:30:36,625 - INFO - controle_obras.main - Janela exibida
2026-08-17 15:37:54,161 - INFO - controle_obras.main - Iniciando aplicacao Controle de Obras
2026-08-17 15:37:54,248 - INFO - controle_obras.main - QApplication criado
2026-08-17 15:37:54,528 - INFO - controle_obras.main - AppContainer criado
2026-08-17 15:37:54,652 - INFO - controle_obras.main - Janela exibida
2026-08-17 15:40:42,947 - INFO - controle_obras.main - Iniciando aplicacao Controle de Obras
2026-08-17 15:40:42,988 - INFO - controle_obras.main - QApplication criado
2026-08-17 15:40:43,145 - INFO - controle_obras.main - AppContainer criado
2026-08-17 15:40:43,221 - INFO - controle_obras.main - Janela exibida
2026-08-17 15:40:54,717 - INFO - controle_obras.main - Iniciando aplicacao Controle de Obras
2026-08-17 15:40:54,752 - INFO - controle_obras.main - QApplication criado
2026-08-17 15:40:54,857 - INFO - controle_obras.main - AppContainer criado
2026-08-17 15:40:54,903 - INFO - controle_obras.main - Janela exibida
2026-08-17 15:42:02,877 - INFO - controle_obras.main - Iniciando aplicacao Controle de Obras
2026-08-17 15:42:02,907 - INFO - controle_obras.main - QApplication criado
2026-08-17 15:42:03,197 - INFO - controle_obras.main - AppContainer criado
2026-08-17 15:42:03,247 - INFO - controle_obras.main - Janela exibida
2026-08-17 15:46:07,113 - INFO - controle_obras.main - Iniciando aplicacao Controle de Obras
2026-08-17 15:46:07,149 - INFO - controle_obras.main - QApplication criado
2026-08-17 15:46:07,266 - INFO - controle_obras.main - AppContainer criado
2026-08-17 15:46:07,356 - INFO - controle_obras.main - Janela exibida
2026-08-17 15:49:34,505 - INFO - controle_obras.main - Iniciando aplicacao Controle de Obras
2026-08-17 15:49:34,535 - INFO - controle_obras.main - QApplication criado
2026-08-17 15:49:34,658 - INFO - controle_obras.main - AppContainer criado
2026-08-17 15:49:34,769 - INFO - controle_obras.main - Janela exibida
2026-08-17 15:52:57,150 - INFO - controle_obras.main - Iniciando aplicacao Controle de Obras
2026-08-17 15:52:57,218 - INFO - controle_obras.main - QApplication criado
2026-08-17 15:52:57,460 - INFO - controle_obras.main - AppContainer criado
2026-08-17 15:52:57,600 - INFO - controle_obras.main - Janela exibida
2026-08-17 15:53:19,374 - INFO - controle_obras.main - Iniciando aplicacao Controle de Obras
2026-08-17 15:53:19,403 - INFO - controle_obras.main - QApplication criado
2026-08-17 15:53:19,509 - INFO - controle_obras.main - AppContainer criado
2026-08-17 15:53:19,553 - INFO - controle_obras.main - Janela exibida
2026-08-17 15:57:53,127 - INFO - controle_obras.main - Iniciando aplicacao Controle de Obras
2026-08-17 15:57:53,276 - INFO - controle_obras.main - QApplication criado
2026-08-17 15:57:54,600 - INFO - controle_obras.main - AppContainer criado
2026-08-17 15:57:54,745 - INFO - controle_obras.main - Janela exibida
2026-08-17 16:12:27,201 - INFO - controle_obras.main - Iniciando aplicacao Controle de Obras
2026-08-17 16:12:27,237 - INFO - controle_obras.main - QApplication criado
2026-08-17 16:12:27,358 - INFO - controle_obras.main - AppContainer criado
2026-08-17 16:12:28,053 - INFO - controle_obras.main - Janela exibida
2026-08-17 16:13:45,857 - INFO - controle_obras.main - Iniciando aplicacao Controle de Obras
2026-08-17 16:13:45,894 - INFO - controle_obras.main - QApplication criado
2026-08-17 16:13:46,073 - INFO - controle_obras.main - AppContainer criado
2026-08-17 16:13:46,445 - INFO - controle_obras.main - Janela exibida
2026-08-17 16:15:52,665 - INFO - controle_obras.main - Iniciando aplicacao Controle de Obras
2026-08-17 16:15:52,707 - INFO - controle_obras.main - QApplication criado
2026-08-17 16:15:52,929 - INFO - controle_obras.main - AppContainer criado
2026-08-17 16:15:54,210 - INFO - controle_obras.main - Janela exibida
2026-08-17 16:20:01,831 - INFO - controle_obras.main - Iniciando aplicacao Controle de Obras
2026-08-17 16:20:01,855 - INFO - controle_obras.main - QApplication criado
2026-08-17 16:20:01,981 - INFO - controle_obras.main - AppContainer criado
2026-08-17 16:20:02,568 - INFO - controle_obras.main - Janela exibida
2026-08-17 16:24:09,684 - INFO - controle_obras.main - Iniciando aplicacao Controle de Obras
2026-08-17 16:24:09,732 - INFO - controle_obras.main - QApplication criado
2026-08-17 16:24:09,883 - INFO - controle_obras.main - AppContainer criado
2026-08-17 16:24:10,622 - INFO - controle_obras.main - Janela exibida
2026-08-17 16:24:32,023 - INFO - controle_obras.main - Iniciando aplicacao Controle de Obras
2026-08-17 16:24:32,060 - INFO - controle_obras.main - QApplication criado
2026-08-17 16:24:32,219 - INFO - controle_obras.main - AppContainer criado
2026-08-17 16:24:32,546 - INFO - controle_obras.main - Janela exibida
2026-08-17 16:28:02,621 - INFO - controle_obras.main - Iniciando aplicacao Controle de Obras
2026-08-17 16:28:02,699 - INFO - controle_obras.main - QApplication criado
2026-08-17 16:28:02,941 - INFO - controle_obras.main - AppContainer criado
2026-08-17 16:28:04,940 - INFO - controle_obras.main - Janela exibida
2026-08-17 16:28:23,268 - INFO - controle_obras.main - Iniciando aplicacao Controle de Obras
2026-08-17 16:28:23,304 - INFO - controle_obras.main - QApplication criado
2026-08-17 16:28:23,558 - INFO - controle_obras.main - AppContainer criado
2026-08-17 16:28:24,180 - INFO - controle_obras.main - Janela exibida
2026-08-17 16:31:52,216 - INFO - controle_obras.main - Iniciando aplicacao Controle de Obras
2026-08-17 16:31:52,249 - INFO - controle_obras.main - QApplication criado
2026-08-17 16:31:52,415 - INFO - controle_obras.main - AppContainer criado
2026-08-17 16:31:56,203 - INFO - controle_obras.main - Janela exibida
2026-08-17 16:32:08,182 - INFO - controle_obras.main - Iniciando aplicacao Controle de Obras
2026-08-17 16:32:08,212 - INFO - controle_obras.main - QApplication criado
2026-08-17 16:32:08,431 - INFO - controle_obras.main - AppContainer criado
2026-08-17 16:32:08,929 - INFO - controle_obras.main - Janela exibida
2026-08-17 16:33:48,552 - INFO - controle_obras.main - Iniciando aplicacao Controle de Obras
2026-08-17 16:33:48,582 - INFO - controle_obras.main - QApplication criado
2026-08-17 16:33:48,718 - INFO - controle_obras.main - AppContainer criado
2026-08-17 16:33:49,328 - INFO - controle_obras.main - Janela exibida
2026-08-17 16:34:07,370 - INFO - controle_obras.main - Iniciando aplicacao Controle de Obras
2026-08-17 16:34:07,406 - INFO - controle_obras.main - QApplication criado
2026-08-17 16:34:07,626 - INFO - controle_obras.main - AppContainer criado
2026-08-17 16:34:08,216 - INFO - controle_obras.main - Janela exibida
2026-08-17 16:34:51,256 - INFO - controle_obras.main - Iniciando aplicacao Controle de Obras
2026-08-17 16:34:51,273 - INFO - controle_obras.main - QApplication criado
2026-08-17 16:34:51,482 - INFO - controle_obras.main - AppContainer criado
2026-08-17 16:34:52,010 - INFO - controle_obras.main - Janela exibida
2026-08-17 16:37:23,090 - INFO - controle_obras.main - Iniciando aplicacao Controle de Obras
2026-08-17 16:37:23,113 - INFO - controle_obras.main - QApplication criado
2026-08-17 16:37:23,238 - INFO - controle_obras.main - AppContainer criado
2026-08-17 16:37:23,674 - INFO - controle_obras.main - Janela exibida
2026-08-17 16:39:09,106 - INFO - controle_obras.main - Iniciando aplicacao Controle de Obras
2026-08-17 16:39:09,139 - INFO - controle_obras.main - QApplication criado
2026-08-17 16:39:09,256 - INFO - controle_obras.main - AppContainer criado
2026-08-17 16:39:09,772 - INFO - controle_obras.main - Janela exibida
2026-08-17 16:41:06,557 - INFO - controle_obras.main - Iniciando aplicacao Controle de Obras
2026-08-17 16:41:06,606 - INFO - controle_obras.main - QApplication criado
2026-08-17 16:41:06,757 - INFO - controle_obras.main - AppContainer criado
2026-08-17 16:41:07,481 - INFO - controle_obras.main - Janela exibida
2026-08-17 16:42:07,952 - INFO - controle_obras.main - Iniciando aplicacao Controle de Obras
2026-08-17 16:42:08,042 - INFO - controle_obras.main - QApplication criado
2026-08-17 16:42:08,533 - INFO - controle_obras.main - AppContainer criado
2026-08-17 16:42:09,862 - INFO - controle_obras.main - Janela exibida
2026-08-17 16:44:18,048 - INFO - controle_obras.main - Iniciando aplicacao Controle de Obras
2026-08-17 16:44:18,094 - INFO - controle_obras.main - QApplication criado
2026-08-17 16:44:18,274 - INFO - controle_obras.main - AppContainer criado
2026-08-17 16:44:19,028 - INFO - controle_obras.main - Janela exibida
2026-08-17 16:44:34,201 - INFO - controle_obras.main - Iniciando aplicacao Controle de Obras
2026-08-17 16:44:34,235 - INFO - controle_obras.main - QApplication criado
2026-08-17 16:44:34,407 - INFO - controle_obras.main - AppContainer criado
2026-08-17 16:44:34,847 - INFO - controle_obras.main - Janela exibida
2026-08-17 16:46:04,059 - INFO - controle_obras.main - Iniciando aplicacao Controle de Obras
2026-08-17 16:46:04,090 - INFO - controle_obras.main - QApplication criado
2026-08-17 16:46:04,469 - INFO - controle_obras.main - AppContainer criado
2026-08-17 16:46:04,708 - INFO - controle_obras.main - Janela exibida
2026-08-17 16:47:45,636 - INFO - controle_obras.main - Iniciando aplicacao Controle de Obras
2026-08-17 16:47:45,668 - INFO - controle_obras.main - QApplication criado
2026-08-17 16:47:45,780 - INFO - controle_obras.main - AppContainer criado
2026-08-17 16:47:46,123 - INFO - controle_obras.main - Janela exibida
2026-08-17 16:50:08,558 - INFO - controle_obras.main - Iniciando aplicacao Controle de Obras
2026-08-17 16:50:08,593 - INFO - controle_obras.main - QApplication criado
2026-08-17 16:50:09,068 - INFO - controle_obras.main - AppContainer criado
2026-08-17 16:50:09,420 - INFO - controle_obras.main - Janela exibida
2026-08-17 16:53:45,331 - INFO - controle_obras.main - Iniciando aplicacao Controle de Obras
2026-08-17 16:53:45,363 - INFO - controle_obras.main - QApplication criado
2026-08-17 16:53:45,472 - INFO - controle_obras.main - AppContainer criado
2026-08-17 16:53:45,852 - INFO - controle_obras.main - Janela exibida
2026-08-17 16:54:25,138 - INFO - controle_obras.main - Iniciando aplicacao Controle de Obras
2026-08-17 16:54:25,167 - INFO - controle_obras.main - QApplication criado
2026-08-17 16:54:25,593 - INFO - controle_obras.main - AppContainer criado
2026-08-17 16:54:25,979 - INFO - controle_obras.main - Janela exibida
2026-08-17 16:56:21,272 - INFO - controle_obras.main - Iniciando aplicacao Controle de Obras
2026-08-17 16:56:21,303 - INFO - controle_obras.main - QApplication criado
2026-08-17 16:56:21,432 - INFO - controle_obras.main - AppContainer criado
2026-08-17 16:56:21,828 - INFO - controle_obras.main - Janela exibida
2026-08-17 16:57:11,434 - INFO - controle_obras.main - Iniciando aplicacao Controle de Obras
2026-08-17 16:57:11,473 - INFO - controle_obras.main - QApplication criado
2026-08-17 16:57:11,939 - INFO - controle_obras.main - AppContainer criado
2026-08-17 16:57:12,349 - INFO - controle_obras.main - Janela exibida
2026-08-17 17:02:11,832 - INFO - controle_obras.main - Iniciando aplicacao Controle de Obras
2026-08-17 17:02:11,862 - INFO - controle_obras.main - QApplication criado
2026-08-17 17:02:12,256 - INFO - controle_obras.main - AppContainer criado
2026-08-17 17:02:12,674 - INFO - controle_obras.main - Janela exibida
2026-08-17 17:04:07,287 - INFO - controle_obras.main - Iniciando aplicacao Controle de Obras
2026-08-17 17:04:07,319 - INFO - controle_obras.main - QApplication criado
2026-08-17 17:04:07,538 - INFO - controle_obras.main - AppContainer criado
2026-08-17 17:04:07,820 - INFO - controle_obras.main - Janela exibida
2026-08-17 17:06:53,551 - INFO - controle_obras.main - Iniciando aplicacao Controle de Obras
2026-08-17 17:06:53,586 - INFO - controle_obras.main - QApplication criado
2026-08-17 17:06:54,013 - INFO - controle_obras.main - AppContainer criado
2026-08-17 17:06:54,508 - INFO - controle_obras.main - Janela exibida
2026-08-17 17:08:15,711 - INFO - controle_obras.main - Iniciando aplicacao Controle de Obras
2026-08-17 17:08:15,741 - INFO - controle_obras.main - QApplication criado
2026-08-17 17:08:15,842 - INFO - controle_obras.main - AppContainer criado
2026-08-17 17:08:16,578 - INFO - controle_obras.main - Janela exibida
2026-08-17 19:11:01,583 - INFO - controle_obras.main - Iniciando aplicacao Controle de Obras
2026-08-17 19:11:01,756 - INFO - controle_obras.main - QApplication criado
2026-08-17 19:11:02,424 - INFO - controle_obras.main - AppContainer criado
2026-08-17 19:11:03,111 - INFO - controle_obras.main - Janela exibida
2026-08-17 19:14:14,341 - INFO - controle_obras.main - Iniciando aplicacao Controle de Obras
2026-08-17 19:14:14,378 - INFO - controle_obras.main - QApplication criado
2026-08-17 19:14:14,527 - INFO - controle_obras.main - AppContainer criado
2026-08-17 19:14:15,298 - INFO - controle_obras.main - Janela exibida
2026-08-17 19:14:33,794 - INFO - controle_obras.main - Iniciando aplicacao Controle de Obras
2026-08-17 19:14:33,828 - INFO - controle_obras.main - QApplication criado
2026-08-17 19:14:34,057 - INFO - controle_obras.main - AppContainer criado
2026-08-17 19:14:34,629 - INFO - controle_obras.main - Janela exibida
2026-08-17 19:20:09,285 - INFO - controle_obras.main - Iniciando aplicacao Controle de Obras
2026-08-17 19:20:09,383 - INFO - controle_obras.main - QApplication criado
2026-08-17 19:20:09,656 - INFO - controle_obras.main - AppContainer criado
2026-08-17 19:20:10,707 - INFO - controle_obras.main - Janela exibida
2026-08-17 19:21:47,899 - INFO - controle_obras.main - Iniciando aplicacao Controle de Obras
2026-08-17 19:21:47,931 - INFO - controle_obras.main - QApplication criado
2026-08-17 19:21:48,224 - INFO - controle_obras.main - AppContainer criado
2026-08-17 19:21:49,790 - INFO - controle_obras.main - Janela exibida
2026-08-17 19:24:10,184 - INFO - controle_obras.main - Iniciando aplicacao Controle de Obras
2026-08-17 19:24:10,264 - INFO - controle_obras.main - QApplication criado
2026-08-17 19:24:10,789 - INFO - controle_obras.main - AppContainer criado
2026-08-17 19:24:11,190 - INFO - controle_obras.main - Janela exibida
2026-08-17 19:24:22,728 - INFO - controle_obras.main - Iniciando aplicacao Controle de Obras
2026-08-17 19:24:22,759 - INFO - controle_obras.main - QApplication criado
2026-08-17 19:24:23,225 - INFO - controle_obras.main - AppContainer criado
2026-08-17 19:24:23,599 - INFO - controle_obras.main - Janela exibida
2026-08-17 19:27:13,216 - INFO - controle_obras.main - Iniciando aplicacao Controle de Obras
2026-08-17 19:27:13,258 - INFO - controle_obras.main - QApplication criado
2026-08-17 19:27:13,364 - INFO - controle_obras.main - AppContainer criado
2026-08-17 19:27:13,629 - INFO - controle_obras.main - Janela exibida
2026-08-17 19:27:36,253 - INFO - controle_obras.main - Iniciando aplicacao Controle de Obras
2026-08-17 19:27:36,284 - INFO - controle_obras.main - QApplication criado
2026-08-17 19:27:36,532 - INFO - controle_obras.main - AppContainer criado
2026-08-17 19:27:36,790 - INFO - controle_obras.main - Janela exibida
2026-08-17 19:44:26,381 - INFO - controle_obras.main - Iniciando aplicacao Controle de Obras
2026-08-17 19:44:26,443 - INFO - controle_obras.main - QApplication criado
2026-08-17 19:44:26,901 - INFO - controle_obras.main - AppContainer criado
2026-08-17 19:44:27,435 - INFO - controle_obras.main - Janela exibida
2026-08-17 19:49:20,892 - INFO - controle_obras.main - Iniciando aplicacao Controle de Obras
2026-08-17 19:49:20,928 - INFO - controle_obras.main - QApplication criado
2026-08-17 19:49:21,062 - INFO - controle_obras.main - AppContainer criado
2026-08-17 19:49:21,603 - INFO - controle_obras.main - Janela exibida
2026-08-17 19:49:58,735 - INFO - controle_obras.main - Iniciando aplicacao Controle de Obras
2026-08-17 19:49:58,763 - INFO - controle_obras.main - QApplication criado
2026-08-17 19:49:58,995 - INFO - controle_obras.main - AppContainer criado
2026-08-17 19:49:59,281 - INFO - controle_obras.main - Janela exibida
2026-08-17 19:52:14,067 - INFO - controle_obras.main - Iniciando aplicacao Controle de Obras
2026-08-17 19:52:14,462 - INFO - controle_obras.main - QApplication criado
2026-08-17 19:52:16,323 - INFO - controle_obras.main - AppContainer criado
2026-08-17 19:52:23,426 - INFO - controle_obras.main - Janela exibida
2026-08-17 19:52:41,708 - INFO - controle_obras.main - Iniciando aplicacao Controle de Obras
2026-08-17 19:52:41,759 - INFO - controle_obras.main - QApplication criado
2026-08-17 19:52:42,328 - INFO - controle_obras.main - AppContainer criado
2026-08-17 19:52:42,952 - INFO - controle_obras.main - Janela exibida
2026-08-17 19:55:55,383 - INFO - controle_obras.main - Iniciando aplicacao Controle de Obras
2026-08-17 19:55:55,424 - INFO - controle_obras.main - QApplication criado
2026-08-17 19:55:55,544 - INFO - controle_obras.main - AppContainer criado
2026-08-17 19:55:56,135 - INFO - controle_obras.main - Janela exibida
2026-08-17 19:56:14,453 - INFO - controle_obras.main - Iniciando aplicacao Controle de Obras
2026-08-17 19:56:14,486 - INFO - controle_obras.main - QApplication criado
2026-08-17 19:56:14,614 - INFO - controle_obras.main - AppContainer criado
2026-08-17 19:56:15,034 - INFO - controle_obras.main - Janela exibida
2026-08-17 19:56:30,898 - INFO - controle_obras.main - Iniciando aplicacao Controle de Obras
2026-08-17 19:56:30,940 - INFO - controle_obras.main - QApplication criado
2026-08-17 19:56:31,215 - INFO - controle_obras.main - AppContainer criado
2026-08-17 19:56:31,659 - INFO - controle_obras.main - Janela exibida
2026-08-17 19:58:30,644 - INFO - controle_obras.main - Iniciando aplicacao Controle de Obras
2026-08-17 19:58:30,757 - INFO - controle_obras.main - QApplication criado
2026-08-17 19:58:31,109 - INFO - controle_obras.main - AppContainer criado
2026-08-17 19:58:31,714 - INFO - controle_obras.main - Janela exibida
2026-08-17 19:59:36,347 - INFO - controle_obras.main - Iniciando aplicacao Controle de Obras
2026-08-17 19:59:36,469 - INFO - controle_obras.main - QApplication criado
2026-08-17 19:59:36,809 - INFO - controle_obras.main - AppContainer criado
2026-08-17 19:59:38,124 - INFO - controle_obras.main - Janela exibida
2026-08-17 19:59:49,825 - INFO - controle_obras.main - Iniciando aplicacao Controle de Obras
2026-08-17 19:59:49,857 - INFO - controle_obras.main - QApplication criado
2026-08-17 19:59:50,101 - INFO - controle_obras.main - AppContainer criado
2026-08-17 19:59:50,709 - INFO - controle_obras.main - Janela exibida
2026-08-17 20:01:58,027 - INFO - controle_obras.main - Iniciando aplicacao Controle de Obras
2026-08-17 20:01:58,057 - INFO - controle_obras.main - QApplication criado
2026-08-17 20:01:58,182 - INFO - controle_obras.main - AppContainer criado
2026-08-17 20:01:58,641 - INFO - controle_obras.main - Janela exibida
2026-08-17 20:02:12,778 - INFO - controle_obras.main - Iniciando aplicacao Controle de Obras
2026-08-17 20:02:12,815 - INFO - controle_obras.main - QApplication criado
2026-08-17 20:02:13,017 - INFO - controle_obras.main - AppContainer criado
2026-08-17 20:02:13,401 - INFO - controle_obras.main - Janela exibida
2026-08-17 20:06:12,927 - INFO - controle_obras.main - Iniciando aplicacao Controle de Obras
2026-08-17 20:06:12,960 - INFO - controle_obras.main - QApplication criado
2026-08-17 20:06:13,079 - INFO - controle_obras.main - AppContainer criado
2026-08-17 20:06:13,695 - INFO - controle_obras.main - Janela exibida
2026-08-17 20:06:32,117 - INFO - controle_obras.main - Iniciando aplicacao Controle de Obras
2026-08-17 20:06:32,149 - INFO - controle_obras.main - QApplication criado
2026-08-17 20:06:32,491 - INFO - controle_obras.main - AppContainer criado
2026-08-17 20:06:33,307 - INFO - controle_obras.main - Janela exibida
2026-08-17 20:07:47,515 - INFO - controle_obras.main - Iniciando aplicacao Controle de Obras
2026-08-17 20:07:47,547 - INFO - controle_obras.main - QApplication criado
2026-08-17 20:07:47,662 - INFO - controle_obras.main - AppContainer criado
2026-08-17 20:07:48,132 - INFO - controle_obras.main - Janela exibida
2026-08-17 20:08:09,893 - INFO - controle_obras.main - Iniciando aplicacao Controle de Obras
2026-08-17 20:08:09,922 - INFO - controle_obras.main - QApplication criado
2026-08-17 20:08:10,136 - INFO - controle_obras.main - AppContainer criado
2026-08-17 20:08:10,512 - INFO - controle_obras.main - Janela exibida
2026-08-17 20:09:37,131 - INFO - controle_obras.main - Iniciando aplicacao Controle de Obras
2026-08-17 20:09:37,169 - INFO - controle_obras.main - QApplication criado
2026-08-17 20:09:37,288 - INFO - controle_obras.main - AppContainer criado
2026-08-17 20:09:37,794 - INFO - controle_obras.main - Janela exibida
2026-08-17 20:10:06,790 - INFO - controle_obras.main - Iniciando aplicacao Controle de Obras
2026-08-17 20:10:06,838 - INFO - controle_obras.main - QApplication criado
2026-08-17 20:10:07,118 - INFO - controle_obras.main - AppContainer criado
2026-08-17 20:10:07,629 - INFO - controle_obras.main - Janela exibida
2026-08-17 20:13:42,137 - INFO - controle_obras.main - Iniciando aplicacao Controle de Obras
2026-08-17 20:13:42,166 - INFO - controle_obras.main - QApplication criado
2026-08-17 20:13:42,451 - INFO - controle_obras.main - AppContainer criado
2026-08-17 20:13:42,980 - INFO - controle_obras.main - Janela exibida
2026-08-17 20:14:38,127 - INFO - controle_obras.main - Iniciando aplicacao Controle de Obras
2026-08-17 20:14:38,156 - INFO - controle_obras.main - QApplication criado
2026-08-17 20:14:38,434 - INFO - controle_obras.main - AppContainer criado
2026-08-17 20:14:39,224 - INFO - controle_obras.main - Janela exibida
2026-08-17 20:17:10,573 - INFO - controle_obras.infrastructure.backup_history - Histórico: backup - iniciado
2026-08-17 20:17:10,573 - INFO - controle_obras.infrastructure.backup - Iniciando geração de backup completo.
2026-08-17 20:17:10,743 - INFO - controle_obras.infrastructure.backup - Backup concluído: C:\Users\cassi\OneDrive\Documentos\Controle de Obras\backup_2026-08-17_20-17-10.zip
2026-08-17 20:17:10,743 - INFO - controle_obras.infrastructure.backup_history - Histórico: backup - concluido
2026-08-17 20:20:47,923 - INFO - controle_obras.main - Iniciando aplicacao Controle de Obras
2026-08-17 20:20:47,959 - INFO - controle_obras.main - QApplication criado
2026-08-17 20:20:48,103 - INFO - controle_obras.main - AppContainer criado
2026-08-17 20:20:48,861 - INFO - controle_obras.main - Janela exibida
2026-08-17 20:22:01,601 - INFO - controle_obras.main - Iniciando aplicacao Controle de Obras
2026-08-17 20:22:01,633 - INFO - controle_obras.main - QApplication criado
2026-08-17 20:22:01,816 - INFO - controle_obras.main - AppContainer criado
2026-08-17 20:22:02,214 - INFO - controle_obras.main - Janela exibida
2026-08-17 20:22:23,551 - INFO - controle_obras.main - Iniciando aplicacao Controle de Obras
2026-08-17 20:22:23,593 - INFO - controle_obras.main - QApplication criado
2026-08-17 20:22:23,743 - INFO - controle_obras.main - AppContainer criado
2026-08-17 20:22:24,182 - INFO - controle_obras.main - Janela exibida
2026-08-17 20:23:55,866 - INFO - controle_obras.main - Iniciando aplicacao Controle de Obras
2026-08-17 20:23:55,926 - INFO - controle_obras.main - QApplication criado
2026-08-17 20:23:56,187 - INFO - controle_obras.main - AppContainer criado
2026-08-17 20:23:56,846 - INFO - controle_obras.main - Janela exibida
2026-08-17 20:24:18,325 - INFO - controle_obras.main - Iniciando aplicacao Controle de Obras
2026-08-17 20:24:18,349 - INFO - controle_obras.main - QApplication criado
2026-08-17 20:24:18,618 - INFO - controle_obras.main - AppContainer criado
2026-08-17 20:24:18,889 - INFO - controle_obras.main - Janela exibida
2026-08-17 20:25:41,567 - INFO - controle_obras.main - Iniciando aplicacao Controle de Obras
2026-08-17 20:25:41,599 - INFO - controle_obras.main - QApplication criado
2026-08-17 20:25:41,712 - INFO - controle_obras.main - AppContainer criado
2026-08-17 20:25:42,152 - INFO - controle_obras.main - Janela exibida
2026-08-17 20:28:56,914 - INFO - controle_obras.main - Iniciando aplicacao Controle de Obras
2026-08-17 20:28:56,932 - INFO - controle_obras.main - QApplication criado
2026-08-17 20:28:57,217 - INFO - controle_obras.main - AppContainer criado
2026-08-17 20:28:57,487 - INFO - controle_obras.main - Janela exibida
2026-08-17 20:31:15,473 - INFO - controle_obras.main - Iniciando aplicacao Controle de Obras
2026-08-17 20:31:15,514 - INFO - controle_obras.main - QApplication criado
2026-08-17 20:31:15,634 - INFO - controle_obras.main - AppContainer criado
2026-08-17 20:31:16,481 - INFO - controle_obras.main - Janela exibida
2026-08-17 20:31:28,452 - INFO - controle_obras.main - Iniciando aplicacao Controle de Obras
2026-08-17 20:31:28,483 - INFO - controle_obras.main - QApplication criado
2026-08-17 20:31:28,847 - INFO - controle_obras.main - AppContainer criado
2026-08-17 20:31:29,426 - INFO - controle_obras.main - Janela exibida
2026-08-17 20:32:37,107 - INFO - controle_obras.main - Iniciando aplicacao Controle de Obras
2026-08-17 20:32:37,156 - INFO - controle_obras.main - QApplication criado
2026-08-17 20:32:37,273 - INFO - controle_obras.main - AppContainer criado
2026-08-17 20:32:37,643 - INFO - controle_obras.main - Janela exibida
2026-08-17 20:33:57,456 - INFO - controle_obras.main - Iniciando aplicacao Controle de Obras
2026-08-17 20:33:57,490 - INFO - controle_obras.main - QApplication criado
2026-08-17 20:33:57,610 - INFO - controle_obras.main - AppContainer criado
2026-08-17 20:33:58,178 - INFO - controle_obras.main - Janela exibida
2026-08-17 20:34:12,221 - INFO - controle_obras.main - Iniciando aplicacao Controle de Obras
2026-08-17 20:34:12,253 - INFO - controle_obras.main - QApplication criado
2026-08-17 20:34:12,488 - INFO - controle_obras.main - AppContainer criado
2026-08-17 20:34:12,906 - INFO - controle_obras.main - Janela exibida
2026-08-17 20:41:50,221 - INFO - controle_obras.main - Iniciando aplicacao Controle de Obras
2026-08-17 20:41:50,253 - INFO - controle_obras.main - QApplication criado
2026-08-17 20:41:50,359 - INFO - controle_obras.main - AppContainer criado
2026-08-17 20:41:50,736 - INFO - controle_obras.main - Janela exibida
2026-08-17 20:46:03,022 - INFO - controle_obras.main - Iniciando aplicacao Controle de Obras
2026-08-17 20:46:03,044 - INFO - controle_obras.main - QApplication criado
2026-08-17 20:46:03,651 - INFO - controle_obras.main - AppContainer criado
2026-08-17 20:46:04,149 - INFO - controle_obras.main - Janela exibida
2026-08-17 20:49:44,442 - INFO - controle_obras.main - Iniciando aplicacao Controle de Obras
2026-08-17 20:49:44,471 - INFO - controle_obras.main - QApplication criado
2026-08-17 20:49:45,025 - INFO - controle_obras.main - AppContainer criado
2026-08-17 20:49:45,330 - INFO - controle_obras.main - Janela exibida
2026-08-17 20:52:35,041 - INFO - controle_obras.main - Iniciando aplicacao Controle de Obras
2026-08-17 20:52:35,070 - INFO - controle_obras.main - QApplication criado
2026-08-17 20:52:35,169 - INFO - controle_obras.main - AppContainer criado
2026-08-17 20:52:35,469 - INFO - controle_obras.main - Janela exibida
2026-08-17 20:53:18,002 - INFO - controle_obras.main - Iniciando aplicacao Controle de Obras
2026-08-17 20:53:18,031 - INFO - controle_obras.main - QApplication criado
2026-08-17 20:53:18,285 - INFO - controle_obras.main - AppContainer criado
2026-08-17 20:53:18,579 - INFO - controle_obras.main - Janela exibida
2026-08-17 20:55:00,287 - INFO - controle_obras.main - Iniciando aplicacao Controle de Obras
2026-08-17 20:55:00,315 - INFO - controle_obras.main - QApplication criado
2026-08-17 20:55:00,438 - INFO - controle_obras.main - AppContainer criado
2026-08-17 20:55:00,897 - INFO - controle_obras.main - Janela exibida
2026-08-17 20:55:28,541 - INFO - controle_obras.main - Iniciando aplicacao Controle de Obras
2026-08-17 20:55:28,574 - INFO - controle_obras.main - QApplication criado
2026-08-17 20:55:28,802 - INFO - controle_obras.main - AppContainer criado
2026-08-17 20:55:29,157 - INFO - controle_obras.main - Janela exibida
2026-08-17 20:57:11,322 - INFO - controle_obras.main - Iniciando aplicacao Controle de Obras
2026-08-17 20:57:11,358 - INFO - controle_obras.main - QApplication criado
2026-08-17 20:57:11,493 - INFO - controle_obras.main - AppContainer criado
2026-08-17 20:57:11,971 - INFO - controle_obras.main - Janela exibida
2026-08-17 20:57:15,664 - DEBUG - xhtml2pdf.document - pisaDocument options:
  src = '<!DOCTYPE html>\n<html lang="pt-BR">\n<head>\n    <meta charset="UTF-8">\n    <style>/* ============================================\n   CSS para Relatório PDF - Controle de Obras\n   Motor: WeasyPrint\n   ============================================ */\n\n@page {\n    size: A4;\n    margin: 1.5cm 1.5cm 2cm 1.5cm;\n}\n\n@page :first {\n    margin-top: 1.5cm;\n}\n\n/* ==================== BASE ==================== */\n\n* {\n    margin: 0;\n    padding: 0;\n    box-sizing: border-box;\n}\n\nbody {\n    font-family: \'Helvetica\', \'Arial\', sans-serif;\n    font-size: 10pt;\n    color: #1E293B;\n    line-height: 1.4;\n}\n\n/* ==================== CABEÇALHO ==================== */\n\n.cabecalho {\n    margin-bottom: 16pt;\n    border-bottom: 2px solid #1B2A4A;\n    padding-bottom: 10pt;\n}\n\n.cabecalho h1 {\n    font-size: 18pt;\n    color: #1B2A4A;\n    margin: 0 0 4pt 0;\n    font-weight: 700;\n    letter-spacing: 0.5pt;\n}\n\n.cabecalho h2 {\n    font-size: 13pt;\n    color: #1B2A4A;\n    font-weight: 700;\n    margin: 0 0 10pt 0;\n}\n\n.info-obra {\n    display: flex;\n    gap: 20pt;\n    margin: 8pt 0;\n}\n\n.info-obra .col {\n    flex: 1;\n}\n\n.info-obra p {\n    margin: 3pt 0;\n    font-size: 10pt;\n    color: #334155;\n}\n\n.info-obra strong {\n    color: #1E293B;\n}\n\n.emissao {\n    text-align: right;\n    font-size: 9pt;\n    color: #64748B;\n    margin: 8pt 0 0 0;\n    font-style: italic;\n}\n\n/* ==================== SEÇÕES ==================== */\n\n.secao {\n    margin-bottom: 16pt;\n    page-break-inside: avoid;\n}\n\n.secao h3 {\n    font-size: 12pt;\n    color: #1B2A4A;\n    margin: 0 0 8pt 0;\n    padding-bottom: 4pt;\n    border-bottom: 1px solid #E2E8F0;\n    font-weight: 700;\n}\n\n/* ==================== TABELAS ==================== */\n\ntable {\n    width: 100%;\n    border-collapse: collapse;\n    margin: 8pt 0;\n    font-size: 9pt;\n}\n\nthead th {\n    background-color: #1B2A4A;\n    color: white;\n    padding: 7pt 8pt;\n    text-align: left;\n    font-weight: 600;\n    font-size: 9pt;\n}\n\ntbody td {\n    padding: 6pt 8pt;\n    border-bottom: 1px solid #E2E8F0;\n    vertical-align: top;\n}\n\ntbody tr:nth-child(even) {\n    background-color: #F8FAFC;\n}\n\ntbody tr:hover {\n    background-color: #F1F5F9;\n}\n\n.direita {\n    text-align: right;\n}\n\n/* ==================== TABELA RESUMO ==================== */\n\n.tabela-resumo {\n    margin: 10pt 0;\n}\n\n.tabela-resumo thead th {\n    text-align: center;\n    padding: 8pt;\n    font-size: 9pt;\n}\n\n.tabela-resumo tbody td {\n    text-align: center;\n    font-size: 11pt;\n    font-weight: 700;\n    padding: 12pt 8pt;\n    background-color: #F8FAFC;\n}\n\n/* ==================== COLUNAS TABELA DADOS ==================== */\n\n.col-data {\n    width: 15%;\n}\n\n.col-desc {\n    width: 55%;\n}\n\n.col-valor {\n    width: 30%;\n    text-align: right;\n}\n\n.col-desc-lanc {\n    width: 35%;\n}\n\n.col-tipo {\n    width: 18%;\n}\n\n.col-origem {\n    width: 17%;\n}\n\n.col-nome {\n    width: 45%;\n}\n\n.col-tipo-anexo {\n    width: 20%;\n}\n\n.col-tam {\n    width: 20%;\n    text-align: right;\n}\n\n/* ==================== ANEXOS ==================== */\n\n.nome-anexo {\n    word-wrap: break-word;\n    word-break: break-word;\n    overflow-wrap: break-word;\n}\n\n/* ==================== RODAPÉ ==================== */\n\nfooter {\n    position: fixed;\n    bottom: 0;\n    left: 0;\n    right: 0;\n    text-align: center;\n    font-size: 8pt;\n    color: #94A3B8;\n    padding: 8pt 0;\n    border-top: 1px solid #E2E8F0;\n}\n\n/* ==================== UTILITÁRIOS ==================== */\n\n.page-break {\n    page-break-before: always;\n}\n\n.nao-quebrar {\n    page-break-inside: avoid;\n}\n</style>\n</head>\n<body>\n    <!-- CABEÇALHO -->\n    <header class="cabecalho">\n        <h1>RELATÓRIO DA OBRA</h1>\n        <h2>Construção de uma Ponto de 500 m</h2>\n\n        <div class="info-obra">\n            <div class="col">\n                <p><strong>Código:</strong> 02</p>\n                <p><strong>Local:</strong> Baldim MG</p>\n            </div>\n            <div class="col">\n                <p><strong>Cliente:</strong> Prefeitura Muncipal de Baldim</p>\n                <p><strong>Engenheiro:</strong> Fernado Alves</p>\n            </div>\n        </div>\n\n        <p class="emissao">Emissão: 17/08/2026</p>\n    </header>\n\n    <!-- RESUMO FINANCEIRO -->\n    <section class="secao">\n        <h3>RESUMO FINANCEIRO</h3>\n        <table class="tabela-resumo">\n            <thead>\n                <tr>\n                    <th>Valor Contratado</th>\n                    <th>Total Aditivos</th>\n                    <th>Total Gasto</th>\n                    <th>Valor Líquido</th>\n                </tr>\n            </thead>\n            <tbody>\n                <tr>\n                    <td>R$ 301.215.230,00</td>\n                    <td>R$ 1.524.300,00</td>\n                    <td>R$ 79.383,50</td>\n                    <td>R$ 302.660.146,50</td>\n                </tr>\n            </tbody>\n        </table>\n    </section>\n\n    <!-- ADITIVOS -->\n    \n    <section class="secao">\n        <h3>ADITIVOS</h3>\n        <table class="tabela-dados">\n            <thead>\n                <tr>\n                    <th class="col-data">Data</th>\n                    <th class="col-desc">Descrição</th>\n                    <th class="col-valor">Valor</th>\n                </tr>\n            </thead>\n            <tbody>\n                \n                <tr>\n                    <td>17/08/2026</td>\n                    <td>Aumento</td>\n                    <td class="direita">R$ 1.524.300,00</td>\n                </tr>\n                \n            </tbody>\n        </table>\n    </section>\n    \n\n    <!-- LANÇAMENTOS -->\n    \n    <section class="secao">\n        <h3>LANÇAMENTOS</h3>\n        <table class="tabela-dados">\n            <thead>\n                <tr>\n                    <th class="col-data">Data</th>\n                    <th class="col-desc-lanc">Descrição</th>\n                    <th class="col-tipo">Tipo</th>\n                    <th class="col-origem">Origem</th>\n                    <th class="col-valor">Valor</th>\n                </tr>\n            </thead>\n            <tbody>\n                \n                <tr>\n                    <td>17/08/2026</td>\n                    <td>Teste de lancamento</td>\n                    <td></td>\n                    <td>Manual</td>\n                    <td class="direita">R$ 100,50</td>\n                </tr>\n                \n                <tr>\n                    <td>17/08/2026</td>\n                    <td>Ferro</td>\n                    <td></td>\n                    <td>Manual</td>\n                    <td class="direita">R$ 33,00</td>\n                </tr>\n                \n                <tr>\n                    <td>10/08/2026</td>\n                    <td>Combustível</td>\n                    <td></td>\n                    <td>Cupom</td>\n                    <td class="direita">R$ 32.550,00</td>\n                </tr>\n                \n                <tr>\n                    <td>08/08/2026</td>\n                    <td>Sinalização viária</td>\n                    <td></td>\n                    <td>Manual</td>\n                    <td class="direita">R$ 2.800,00</td>\n                </tr>\n                \n                <tr>\n                    <td>07/08/2026</td>\n                    <td>Tubo de drenagem PVC</td>\n                    <td></td>\n                    <td>Nota geral</td>\n                    <td class="direita">R$ 3.400,00</td>\n                </tr>\n                \n                <tr>\n                    <td>05/08/2026</td>\n                    <td>Operador de máquinas</td>\n                    <td></td>\n                    <td>Manual</td>\n                    <td class="direita">R$ 2.000,00</td>\n                </tr>\n                \n                <tr>\n                    <td>04/08/2026</td>\n                    <td>Compactação do solo</td>\n                    <td></td>\n                    <td>Manual</td>\n                    <td class="direita">R$ 4.500,00</td>\n                </tr>\n                \n                <tr>\n                    <td>02/08/2026</td>\n                    <td>Brita para base</td>\n                    <td></td>\n                    <td>Manual</td>\n                    <td class="direita">R$ 34.000,00</td>\n                </tr>\n                \n            </tbody>\n        </table>\n    </section>\n    \n\n    <!-- ANEXOS -->\n    \n    <section class="secao">\n        <h3>ANEXOS</h3>\n        <table class="tabela-dados">\n            <thead>\n                <tr>\n                    <th class="col-nome">Nome</th>\n                    <th class="col-tipo-anexo">Tipo</th>\n                    <th class="col-data">Data</th>\n                    <th class="col-tam">Tamanho</th>\n                </tr>\n            </thead>\n            <tbody>\n                \n                <tr>\n                    <td class="nome-anexo">relatorio_projecao_financeira_20260801.pdf</td>\n                    <td>Documento</td>\n                    <td>17/08/2026</td>\n                    <td class="direita">1.7 KB</td>\n                </tr>\n                \n                <tr>\n                    <td class="nome-anexo">Oficio_NB0_108_-_Solicitacao_de_processo_indenizatorio_assinado_assinado.pdf</td>\n                    <td>Documento</td>\n                    <td>17/08/2026</td>\n                    <td class="direita">160.2 KB</td>\n                </tr>\n                \n            </tbody>\n        </table>\n    </section>\n    \n</body>\n</html>'
  dest = <_io.BufferedRandom name='C:\\Users\\cassi\\OneDrive\\Documentos\\Controle de Obras\\reports\\obras\\relatorio_obra_02_20260817_205715.pdf'>
  path = ''
  link_callback = None
  xhtml = False
  context_meta = None
2026-08-17 20:57:32,965 - INFO - controle_obras.main - Iniciando aplicacao Controle de Obras
2026-08-17 20:57:32,994 - INFO - controle_obras.main - QApplication criado
2026-08-17 20:57:33,168 - INFO - controle_obras.main - AppContainer criado
2026-08-17 20:57:33,508 - INFO - controle_obras.main - Janela exibida
2026-08-17 20:57:35,541 - DEBUG - xhtml2pdf.document - pisaDocument options:
  src = '<!DOCTYPE html>\n<html lang="pt-BR">\n<head>\n    <meta charset="UTF-8">\n    <style>/* ============================================\n   CSS para Relatório PDF - Controle de Obras\n   Motor: WeasyPrint\n   ============================================ */\n\n@page {\n    size: A4;\n    margin: 1.5cm 1.5cm 2cm 1.5cm;\n}\n\n@page :first {\n    margin-top: 1.5cm;\n}\n\n/* ==================== BASE ==================== */\n\n* {\n    margin: 0;\n    padding: 0;\n    box-sizing: border-box;\n}\n\nbody {\n    font-family: \'Helvetica\', \'Arial\', sans-serif;\n    font-size: 10pt;\n    color: #1E293B;\n    line-height: 1.4;\n}\n\n/* ==================== CABEÇALHO ==================== */\n\n.cabecalho {\n    margin-bottom: 16pt;\n    border-bottom: 2px solid #1B2A4A;\n    padding-bottom: 10pt;\n}\n\n.cabecalho h1 {\n    font-size: 18pt;\n    color: #1B2A4A;\n    margin: 0 0 4pt 0;\n    font-weight: 700;\n    letter-spacing: 0.5pt;\n}\n\n.cabecalho h2 {\n    font-size: 13pt;\n    color: #1B2A4A;\n    font-weight: 700;\n    margin: 0 0 10pt 0;\n}\n\n.info-obra {\n    display: flex;\n    gap: 20pt;\n    margin: 8pt 0;\n}\n\n.info-obra .col {\n    flex: 1;\n}\n\n.info-obra p {\n    margin: 3pt 0;\n    font-size: 10pt;\n    color: #334155;\n}\n\n.info-obra strong {\n    color: #1E293B;\n}\n\n.emissao {\n    text-align: right;\n    font-size: 9pt;\n    color: #64748B;\n    margin: 8pt 0 0 0;\n    font-style: italic;\n}\n\n/* ==================== SEÇÕES ==================== */\n\n.secao {\n    margin-bottom: 16pt;\n    page-break-inside: avoid;\n}\n\n.secao h3 {\n    font-size: 12pt;\n    color: #1B2A4A;\n    margin: 0 0 8pt 0;\n    padding-bottom: 4pt;\n    border-bottom: 1px solid #E2E8F0;\n    font-weight: 700;\n}\n\n/* ==================== TABELAS ==================== */\n\ntable {\n    width: 100%;\n    border-collapse: collapse;\n    margin: 8pt 0;\n    font-size: 9pt;\n}\n\nthead th {\n    background-color: #1B2A4A;\n    color: white;\n    padding: 7pt 8pt;\n    text-align: left;\n    font-weight: 600;\n    font-size: 9pt;\n}\n\ntbody td {\n    padding: 6pt 8pt;\n    border-bottom: 1px solid #E2E8F0;\n    vertical-align: top;\n}\n\ntbody tr:nth-child(even) {\n    background-color: #F8FAFC;\n}\n\ntbody tr:hover {\n    background-color: #F1F5F9;\n}\n\n.direita {\n    text-align: right;\n}\n\n/* ==================== TABELA RESUMO ==================== */\n\n.tabela-resumo {\n    margin: 10pt 0;\n}\n\n.tabela-resumo thead th {\n    text-align: center;\n    padding: 8pt;\n    font-size: 9pt;\n}\n\n.tabela-resumo tbody td {\n    text-align: center;\n    font-size: 11pt;\n    font-weight: 700;\n    padding: 12pt 8pt;\n    background-color: #F8FAFC;\n}\n\n/* ==================== COLUNAS TABELA DADOS ==================== */\n\n.col-data {\n    width: 15%;\n}\n\n.col-desc {\n    width: 55%;\n}\n\n.col-valor {\n    width: 30%;\n    text-align: right;\n}\n\n.col-desc-lanc {\n    width: 35%;\n}\n\n.col-tipo {\n    width: 18%;\n}\n\n.col-origem {\n    width: 17%;\n}\n\n.col-nome {\n    width: 45%;\n}\n\n.col-tipo-anexo {\n    width: 20%;\n}\n\n.col-tam {\n    width: 20%;\n    text-align: right;\n}\n\n/* ==================== ANEXOS ==================== */\n\n.nome-anexo {\n    word-wrap: break-word;\n    word-break: break-word;\n    overflow-wrap: break-word;\n}\n\n/* ==================== RODAPÉ ==================== */\n\nfooter {\n    position: fixed;\n    bottom: 0;\n    left: 0;\n    right: 0;\n    text-align: center;\n    font-size: 8pt;\n    color: #94A3B8;\n    padding: 8pt 0;\n    border-top: 1px solid #E2E8F0;\n}\n\n/* ==================== UTILITÁRIOS ==================== */\n\n.page-break {\n    page-break-before: always;\n}\n\n.nao-quebrar {\n    page-break-inside: avoid;\n}\n</style>\n</head>\n<body>\n    <!-- CABEÇALHO -->\n    <header class="cabecalho">\n        <h1>RELATÓRIO DA OBRA</h1>\n        <h2>Construção de uma Ponto de 500 m</h2>\n\n        <div class="info-obra">\n            <div class="col">\n                <p><strong>Código:</strong> 02</p>\n                <p><strong>Local:</strong> Baldim MG</p>\n            </div>\n            <div class="col">\n                <p><strong>Cliente:</strong> Prefeitura Muncipal de Baldim</p>\n                <p><strong>Engenheiro:</strong> Fernado Alves</p>\n            </div>\n        </div>\n\n        <p class="emissao">Emissão: 17/08/2026</p>\n    </header>\n\n    <!-- RESUMO FINANCEIRO -->\n    <section class="secao">\n        <h3>RESUMO FINANCEIRO</h3>\n        <table class="tabela-resumo">\n            <thead>\n                <tr>\n                    <th>Valor Contratado</th>\n                    <th>Total Aditivos</th>\n                    <th>Total Gasto</th>\n                    <th>Valor Líquido</th>\n                </tr>\n            </thead>\n            <tbody>\n                <tr>\n                    <td>R$ 301.215.230,00</td>\n                    <td>R$ 1.524.300,00</td>\n                    <td>R$ 79.383,50</td>\n                    <td>R$ 302.660.146,50</td>\n                </tr>\n            </tbody>\n        </table>\n    </section>\n\n    <!-- ADITIVOS -->\n    \n    <section class="secao">\n        <h3>ADITIVOS</h3>\n        <table class="tabela-dados">\n            <thead>\n                <tr>\n                    <th class="col-data">Data</th>\n                    <th class="col-desc">Descrição</th>\n                    <th class="col-valor">Valor</th>\n                </tr>\n            </thead>\n            <tbody>\n                \n                <tr>\n                    <td>17/08/2026</td>\n                    <td>Aumento</td>\n                    <td class="direita">R$ 1.524.300,00</td>\n                </tr>\n                \n            </tbody>\n        </table>\n    </section>\n    \n\n    <!-- LANÇAMENTOS -->\n    \n    <section class="secao">\n        <h3>LANÇAMENTOS</h3>\n        <table class="tabela-dados">\n            <thead>\n                <tr>\n                    <th class="col-data">Data</th>\n                    <th class="col-desc-lanc">Descrição</th>\n                    <th class="col-tipo">Tipo</th>\n                    <th class="col-origem">Origem</th>\n                    <th class="col-valor">Valor</th>\n                </tr>\n            </thead>\n            <tbody>\n                \n                <tr>\n                    <td>17/08/2026</td>\n                    <td>Teste de lancamento</td>\n                    <td></td>\n                    <td>Manual</td>\n                    <td class="direita">R$ 100,50</td>\n                </tr>\n                \n                <tr>\n                    <td>17/08/2026</td>\n                    <td>Ferro</td>\n                    <td></td>\n                    <td>Manual</td>\n                    <td class="direita">R$ 33,00</td>\n                </tr>\n                \n                <tr>\n                    <td>10/08/2026</td>\n                    <td>Combustível</td>\n                    <td></td>\n                    <td>Cupom</td>\n                    <td class="direita">R$ 32.550,00</td>\n                </tr>\n                \n                <tr>\n                    <td>08/08/2026</td>\n                    <td>Sinalização viária</td>\n                    <td></td>\n                    <td>Manual</td>\n                    <td class="direita">R$ 2.800,00</td>\n                </tr>\n                \n                <tr>\n                    <td>07/08/2026</td>\n                    <td>Tubo de drenagem PVC</td>\n                    <td></td>\n                    <td>Nota geral</td>\n                    <td class="direita">R$ 3.400,00</td>\n                </tr>\n                \n                <tr>\n                    <td>05/08/2026</td>\n                    <td>Operador de máquinas</td>\n                    <td></td>\n                    <td>Manual</td>\n                    <td class="direita">R$ 2.000,00</td>\n                </tr>\n                \n                <tr>\n                    <td>04/08/2026</td>\n                    <td>Compactação do solo</td>\n                    <td></td>\n                    <td>Manual</td>\n                    <td class="direita">R$ 4.500,00</td>\n                </tr>\n                \n                <tr>\n                    <td>02/08/2026</td>\n                    <td>Brita para base</td>\n                    <td></td>\n                    <td>Manual</td>\n                    <td class="direita">R$ 34.000,00</td>\n                </tr>\n                \n            </tbody>\n        </table>\n    </section>\n    \n\n    <!-- ANEXOS -->\n    \n    <section class="secao">\n        <h3>ANEXOS</h3>\n        <table class="tabela-dados">\n            <thead>\n                <tr>\n                    <th class="col-nome">Nome</th>\n                    <th class="col-tipo-anexo">Tipo</th>\n                    <th class="col-data">Data</th>\n                    <th class="col-tam">Tamanho</th>\n                </tr>\n            </thead>\n            <tbody>\n                \n                <tr>\n                    <td class="nome-anexo">relatorio_projecao_financeira_20260801.pdf</td>\n                    <td>Documento</td>\n                    <td>17/08/2026</td>\n                    <td class="direita">1.7 KB</td>\n                </tr>\n                \n                <tr>\n                    <td class="nome-anexo">Oficio_NB0_108_-_Solicitacao_de_processo_indenizatorio_assinado_assinado.pdf</td>\n                    <td>Documento</td>\n                    <td>17/08/2026</td>\n                    <td class="direita">160.2 KB</td>\n                </tr>\n                \n            </tbody>\n        </table>\n    </section>\n    \n</body>\n</html>'
  dest = <_io.BufferedRandom name='C:\\Users\\cassi\\OneDrive\\Documentos\\Controle de Obras\\reports\\obras\\relatorio_obra_02_20260817_205735.pdf'>
  path = ''
  link_callback = None
  xhtml = False
  context_meta = None
2026-08-17 20:59:49,410 - INFO - controle_obras.main - Iniciando aplicacao Controle de Obras
2026-08-17 20:59:49,445 - INFO - controle_obras.main - QApplication criado
2026-08-17 20:59:49,597 - INFO - controle_obras.main - AppContainer criado
2026-08-17 20:59:50,126 - INFO - controle_obras.main - Janela exibida
2026-08-17 20:59:52,720 - DEBUG - xhtml2pdf.document - pisaDocument options:
  src = '<!DOCTYPE html>\n<html lang="pt-BR">\n<head>\n    <meta charset="UTF-8">\n    <style>/* ============================================\n   CSS para Relatório PDF - Controle de Obras\n   Motor: WeasyPrint\n   ============================================ */\n\n@page {\n    size: A4;\n    margin: 1.5cm 1.5cm 2cm 1.5cm;\n}\n\n@page :first {\n    margin-top: 1.5cm;\n}\n\n/* ==================== BASE ==================== */\n\n* {\n    margin: 0;\n    padding: 0;\n    box-sizing: border-box;\n}\n\nbody {\n    font-family: \'Helvetica\', \'Arial\', sans-serif;\n    font-size: 10pt;\n    color: #1E293B;\n    line-height: 1.4;\n}\n\n/* ==================== CABEÇALHO ==================== */\n\n.cabecalho {\n    margin-bottom: 16pt;\n    border-bottom: 2px solid #1B2A4A;\n    padding-bottom: 10pt;\n}\n\n.cabecalho h1 {\n    font-size: 18pt;\n    color: #1B2A4A;\n    margin: 0 0 4pt 0;\n    font-weight: 700;\n    letter-spacing: 0.5pt;\n}\n\n.cabecalho h2 {\n    font-size: 13pt;\n    color: #1B2A4A;\n    font-weight: 700;\n    margin: 0 0 10pt 0;\n}\n\n.info-obra {\n    display: flex;\n    gap: 20pt;\n    margin: 8pt 0;\n}\n\n.info-obra .col {\n    flex: 1;\n}\n\n.info-obra p {\n    margin: 3pt 0;\n    font-size: 10pt;\n    color: #334155;\n}\n\n.info-obra strong {\n    color: #1E293B;\n}\n\n.emissao {\n    text-align: right;\n    font-size: 9pt;\n    color: #64748B;\n    margin: 8pt 0 0 0;\n    font-style: italic;\n}\n\n/* ==================== SEÇÕES ==================== */\n\n.secao {\n    margin-bottom: 16pt;\n    page-break-inside: avoid;\n}\n\n.secao h3 {\n    font-size: 12pt;\n    color: #1B2A4A;\n    margin: 0 0 8pt 0;\n    padding-bottom: 4pt;\n    border-bottom: 1px solid #E2E8F0;\n    font-weight: 700;\n}\n\n/* ==================== TABELAS ==================== */\n\ntable {\n    width: 100%;\n    border-collapse: collapse;\n    margin: 8pt 0;\n    font-size: 9pt;\n}\n\nthead th {\n    background-color: #1B2A4A;\n    color: white;\n    padding: 7pt 8pt;\n    text-align: left;\n    font-weight: 600;\n    font-size: 9pt;\n}\n\ntbody td {\n    padding: 6pt 8pt;\n    border-bottom: 1px solid #E2E8F0;\n    vertical-align: top;\n}\n\ntbody tr:nth-child(even) {\n    background-color: #F8FAFC;\n}\n\ntbody tr:hover {\n    background-color: #F1F5F9;\n}\n\n.direita {\n    text-align: right;\n}\n\n/* ==================== TABELA RESUMO ==================== */\n\n.tabela-resumo {\n    margin: 10pt 0;\n}\n\n.tabela-resumo thead th {\n    text-align: center;\n    padding: 8pt;\n    font-size: 9pt;\n}\n\n.tabela-resumo tbody td {\n    text-align: center;\n    font-size: 11pt;\n    font-weight: 700;\n    padding: 12pt 8pt;\n    background-color: #F8FAFC;\n}\n\n/* ==================== COLUNAS TABELA DADOS ==================== */\n\n.col-data {\n    width: 15%;\n}\n\n.col-desc {\n    width: 55%;\n}\n\n.col-valor {\n    width: 30%;\n    text-align: right;\n}\n\n.col-desc-lanc {\n    width: 35%;\n}\n\n.col-tipo {\n    width: 18%;\n}\n\n.col-origem {\n    width: 17%;\n}\n\n.col-nome {\n    width: 45%;\n}\n\n.col-tipo-anexo {\n    width: 20%;\n}\n\n.col-tam {\n    width: 20%;\n    text-align: right;\n}\n\n/* ==================== ANEXOS ==================== */\n\n.nome-anexo {\n    word-wrap: break-word;\n    word-break: break-word;\n    overflow-wrap: break-word;\n}\n\n/* ==================== RODAPÉ ==================== */\n\nfooter {\n    position: fixed;\n    bottom: 0;\n    left: 0;\n    right: 0;\n    text-align: center;\n    font-size: 8pt;\n    color: #94A3B8;\n    padding: 8pt 0;\n    border-top: 1px solid #E2E8F0;\n}\n\n/* ==================== UTILITÁRIOS ==================== */\n\n.page-break {\n    page-break-before: always;\n}\n\n.nao-quebrar {\n    page-break-inside: avoid;\n}\n</style>\n</head>\n<body>\n    <!-- CABEÇALHO -->\n    <header class="cabecalho">\n        <h1>RELATÓRIO DA OBRA</h1>\n        <h2>Construção de uma Ponto de 500 m</h2>\n\n        <div class="info-obra">\n            <div class="col">\n                <p><strong>Código:</strong> 02</p>\n                <p><strong>Local:</strong> Baldim MG</p>\n            </div>\n            <div class="col">\n                <p><strong>Cliente:</strong> Prefeitura Muncipal de Baldim</p>\n                <p><strong>Engenheiro:</strong> Fernado Alves</p>\n            </div>\n        </div>\n\n        <p class="emissao">Emissão: 17/08/2026</p>\n    </header>\n\n    <!-- RESUMO FINANCEIRO -->\n    <section class="secao">\n        <h3>RESUMO FINANCEIRO</h3>\n        <table class="tabela-resumo">\n            <thead>\n                <tr>\n                    <th>Valor Contratado</th>\n                    <th>Total Aditivos</th>\n                    <th>Total Gasto</th>\n                    <th>Valor Líquido</th>\n                </tr>\n            </thead>\n            <tbody>\n                <tr>\n                    <td>R$ 301.215.230,00</td>\n                    <td>R$ 1.524.300,00</td>\n                    <td>R$ 79.383,50</td>\n                    <td>R$ 302.660.146,50</td>\n                </tr>\n            </tbody>\n        </table>\n    </section>\n\n    <!-- ADITIVOS -->\n    \n    <section class="secao">\n        <h3>ADITIVOS</h3>\n        <table class="tabela-dados">\n            <thead>\n                <tr>\n                    <th class="col-data">Data</th>\n                    <th class="col-desc">Descrição</th>\n                    <th class="col-valor">Valor</th>\n                </tr>\n            </thead>\n            <tbody>\n                \n                <tr>\n                    <td>17/08/2026</td>\n                    <td>Aumento</td>\n                    <td class="direita">R$ 1.524.300,00</td>\n                </tr>\n                \n            </tbody>\n        </table>\n    </section>\n    \n\n    <!-- LANÇAMENTOS -->\n    \n    <section class="secao">\n        <h3>LANÇAMENTOS</h3>\n        <table class="tabela-dados">\n            <thead>\n                <tr>\n                    <th class="col-data">Data</th>\n                    <th class="col-desc-lanc">Descrição</th>\n                    <th class="col-tipo">Tipo</th>\n                    <th class="col-origem">Origem</th>\n                    <th class="col-valor">Valor</th>\n                </tr>\n            </thead>\n            <tbody>\n                \n                <tr>\n                    <td>17/08/2026</td>\n                    <td>Teste de lancamento</td>\n                    <td></td>\n                    <td>Manual</td>\n                    <td class="direita">R$ 100,50</td>\n                </tr>\n                \n                <tr>\n                    <td>17/08/2026</td>\n                    <td>Ferro</td>\n                    <td></td>\n                    <td>Manual</td>\n                    <td class="direita">R$ 33,00</td>\n                </tr>\n                \n                <tr>\n                    <td>10/08/2026</td>\n                    <td>Combustível</td>\n                    <td></td>\n                    <td>Cupom</td>\n                    <td class="direita">R$ 32.550,00</td>\n                </tr>\n                \n                <tr>\n                    <td>08/08/2026</td>\n                    <td>Sinalização viária</td>\n                    <td></td>\n                    <td>Manual</td>\n                    <td class="direita">R$ 2.800,00</td>\n                </tr>\n                \n                <tr>\n                    <td>07/08/2026</td>\n                    <td>Tubo de drenagem PVC</td>\n                    <td></td>\n                    <td>Nota geral</td>\n                    <td class="direita">R$ 3.400,00</td>\n                </tr>\n                \n                <tr>\n                    <td>05/08/2026</td>\n                    <td>Operador de máquinas</td>\n                    <td></td>\n                    <td>Manual</td>\n                    <td class="direita">R$ 2.000,00</td>\n                </tr>\n                \n                <tr>\n                    <td>04/08/2026</td>\n                    <td>Compactação do solo</td>\n                    <td></td>\n                    <td>Manual</td>\n                    <td class="direita">R$ 4.500,00</td>\n                </tr>\n                \n                <tr>\n                    <td>02/08/2026</td>\n                    <td>Brita para base</td>\n                    <td></td>\n                    <td>Manual</td>\n                    <td class="direita">R$ 34.000,00</td>\n                </tr>\n                \n            </tbody>\n        </table>\n    </section>\n    \n\n    <!-- ANEXOS -->\n    \n    <section class="secao">\n        <h3>ANEXOS</h3>\n        <table class="tabela-dados">\n            <thead>\n                <tr>\n                    <th class="col-nome">Nome</th>\n                    <th class="col-tipo-anexo">Tipo</th>\n                    <th class="col-data">Data</th>\n                    <th class="col-tam">Tamanho</th>\n                </tr>\n            </thead>\n            <tbody>\n                \n                <tr>\n                    <td class="nome-anexo">relatorio_projecao_financeira_20260801.pdf</td>\n                    <td>Documento</td>\n                    <td>17/08/2026</td>\n                    <td class="direita">1.7 KB</td>\n                </tr>\n                \n                <tr>\n                    <td class="nome-anexo">Oficio_NB0_108_-_Solicitacao_de_processo_indenizatorio_assinado_assinado.pdf</td>\n                    <td>Documento</td>\n                    <td>17/08/2026</td>\n                    <td class="direita">160.2 KB</td>\n                </tr>\n                \n            </tbody>\n        </table>\n    </section>\n    \n</body>\n</html>'
  dest = <_io.BufferedRandom name='C:\\Users\\cassi\\OneDrive\\Documentos\\Controle de Obras\\reports\\obras\\relatorio_obra_02_20260817_205952.pdf'>
  path = ''
  link_callback = None
  xhtml = False
  context_meta = None
2026-08-17 21:01:39,476 - INFO - controle_obras.main - Iniciando aplicacao Controle de Obras
2026-08-17 21:01:39,506 - INFO - controle_obras.main - QApplication criado
2026-08-17 21:01:39,758 - INFO - controle_obras.main - AppContainer criado
2026-08-17 21:01:40,195 - INFO - controle_obras.main - Janela exibida
2026-08-17 21:01:44,346 - DEBUG - xhtml2pdf.document - pisaDocument options:
  src = '<!DOCTYPE html>\n<html lang="pt-BR">\n<head>\n    <meta charset="UTF-8">\n    <style>/* ============================================\n   CSS para Relatório PDF - Controle de Obras\n   Motor: WeasyPrint\n   ============================================ */\n\n@page {\n    size: A4;\n    margin: 1.5cm 1.5cm 2cm 1.5cm;\n}\n\n@page :first {\n    margin-top: 1.5cm;\n}\n\n/* ==================== BASE ==================== */\n\n* {\n    margin: 0;\n    padding: 0;\n    box-sizing: border-box;\n}\n\nbody {\n    font-family: \'Helvetica\', \'Arial\', sans-serif;\n    font-size: 10pt;\n    color: #1E293B;\n    line-height: 1.4;\n}\n\n/* ==================== CABEÇALHO ==================== */\n\n.cabecalho {\n    margin-bottom: 16pt;\n    border-bottom: 2px solid #1B2A4A;\n    padding-bottom: 10pt;\n}\n\n.cabecalho h1 {\n    font-size: 18pt;\n    color: #1B2A4A;\n    margin: 0 0 4pt 0;\n    font-weight: 700;\n    letter-spacing: 0.5pt;\n}\n\n.cabecalho h2 {\n    font-size: 13pt;\n    color: #1B2A4A;\n    font-weight: 700;\n    margin: 0 0 10pt 0;\n}\n\n.info-obra {\n    display: flex;\n    gap: 20pt;\n    margin: 8pt 0;\n}\n\n.info-obra .col {\n    flex: 1;\n}\n\n.info-obra p {\n    margin: 3pt 0;\n    font-size: 10pt;\n    color: #334155;\n}\n\n.info-obra strong {\n    color: #1E293B;\n}\n\n.emissao {\n    text-align: right;\n    font-size: 9pt;\n    color: #64748B;\n    margin: 8pt 0 0 0;\n    font-style: italic;\n}\n\n/* ==================== SEÇÕES ==================== */\n\n.secao {\n    margin-bottom: 16pt;\n    page-break-inside: avoid;\n}\n\n.secao h3 {\n    font-size: 12pt;\n    color: #1B2A4A;\n    margin: 0 0 8pt 0;\n    padding-bottom: 4pt;\n    border-bottom: 1px solid #E2E8F0;\n    font-weight: 700;\n}\n\n/* ==================== TABELAS ==================== */\n\ntable {\n    width: 100%;\n    border-collapse: collapse;\n    margin: 8pt 0;\n    font-size: 9pt;\n}\n\nthead th {\n    background-color: #1B2A4A;\n    color: white;\n    padding: 7pt 8pt;\n    text-align: left;\n    font-weight: 600;\n    font-size: 9pt;\n}\n\ntbody td {\n    padding: 6pt 8pt;\n    border-bottom: 1px solid #E2E8F0;\n    vertical-align: top;\n}\n\ntbody tr:nth-child(even) {\n    background-color: #F8FAFC;\n}\n\ntbody tr:hover {\n    background-color: #F1F5F9;\n}\n\n.direita {\n    text-align: right;\n}\n\n/* ==================== TABELA RESUMO ==================== */\n\n.tabela-resumo {\n    margin: 10pt 0;\n}\n\n.tabela-resumo thead th {\n    text-align: center;\n    padding: 8pt;\n    font-size: 9pt;\n}\n\n.tabela-resumo tbody td {\n    text-align: center;\n    font-size: 11pt;\n    font-weight: 700;\n    padding: 12pt 8pt;\n    background-color: #F8FAFC;\n}\n\n/* ==================== COLUNAS TABELA DADOS ==================== */\n\n.col-data {\n    width: 15%;\n}\n\n.col-desc {\n    width: 55%;\n}\n\n.col-valor {\n    width: 30%;\n    text-align: right;\n}\n\n.col-desc-lanc {\n    width: 35%;\n}\n\n.col-tipo {\n    width: 18%;\n}\n\n.col-origem {\n    width: 17%;\n}\n\n.col-nome {\n    width: 45%;\n}\n\n.col-tipo-anexo {\n    width: 20%;\n}\n\n.col-tam {\n    width: 20%;\n    text-align: right;\n}\n\n/* ==================== ANEXOS ==================== */\n\n.nome-anexo {\n    word-wrap: break-word;\n    word-break: break-word;\n    overflow-wrap: break-word;\n}\n\n/* ==================== RODAPÉ ==================== */\n\nfooter {\n    position: fixed;\n    bottom: 0;\n    left: 0;\n    right: 0;\n    text-align: center;\n    font-size: 8pt;\n    color: #94A3B8;\n    padding: 8pt 0;\n    border-top: 1px solid #E2E8F0;\n}\n\n/* ==================== UTILITÁRIOS ==================== */\n\n.page-break {\n    page-break-before: always;\n}\n\n.nao-quebrar {\n    page-break-inside: avoid;\n}\n</style>\n</head>\n<body>\n    <!-- CABEÇALHO -->\n    <header class="cabecalho">\n        <h1>RELATÓRIO DA OBRA</h1>\n        <h2>Construção de uma Ponto de 500 m</h2>\n\n        <div class="info-obra">\n            <div class="col">\n                <p><strong>Código:</strong> 02</p>\n                <p><strong>Local:</strong> Baldim MG</p>\n            </div>\n            <div class="col">\n                <p><strong>Cliente:</strong> Prefeitura Muncipal de Baldim</p>\n                <p><strong>Engenheiro:</strong> Fernado Alves</p>\n            </div>\n        </div>\n\n        <p class="emissao">Emissão: 17/08/2026</p>\n    </header>\n\n    <!-- RESUMO FINANCEIRO -->\n    <section class="secao">\n        <h3>RESUMO FINANCEIRO</h3>\n        <table class="tabela-resumo">\n            <thead>\n                <tr>\n                    <th>Valor Contratado</th>\n                    <th>Total Aditivos</th>\n                    <th>Total Gasto</th>\n                    <th>Valor Líquido</th>\n                </tr>\n            </thead>\n            <tbody>\n                <tr>\n                    <td>R$ 301.215.230,00</td>\n                    <td>R$ 1.524.300,00</td>\n                    <td>R$ 79.383,50</td>\n                    <td>R$ 302.660.146,50</td>\n                </tr>\n            </tbody>\n        </table>\n    </section>\n\n    <!-- ADITIVOS -->\n    \n    <section class="secao">\n        <h3>ADITIVOS</h3>\n        <table class="tabela-dados">\n            <thead>\n                <tr>\n                    <th class="col-data">Data</th>\n                    <th class="col-desc">Descrição</th>\n                    <th class="col-valor">Valor</th>\n                </tr>\n            </thead>\n            <tbody>\n                \n                <tr>\n                    <td>17/08/2026</td>\n                    <td>Aumento</td>\n                    <td class="direita">R$ 1.524.300,00</td>\n                </tr>\n                \n            </tbody>\n        </table>\n    </section>\n    \n\n    <!-- LANÇAMENTOS -->\n    \n    <section class="secao">\n        <h3>LANÇAMENTOS</h3>\n        <table class="tabela-dados">\n            <thead>\n                <tr>\n                    <th class="col-data">Data</th>\n                    <th class="col-desc-lanc">Descrição</th>\n                    <th class="col-tipo">Tipo</th>\n                    <th class="col-origem">Origem</th>\n                    <th class="col-valor">Valor</th>\n                </tr>\n            </thead>\n            <tbody>\n                \n                <tr>\n                    <td>17/08/2026</td>\n                    <td>Teste de lancamento</td>\n                    <td></td>\n                    <td>Manual</td>\n                    <td class="direita">R$ 100,50</td>\n                </tr>\n                \n                <tr>\n                    <td>17/08/2026</td>\n                    <td>Ferro</td>\n                    <td></td>\n                    <td>Manual</td>\n                    <td class="direita">R$ 33,00</td>\n                </tr>\n                \n                <tr>\n                    <td>10/08/2026</td>\n                    <td>Combustível</td>\n                    <td></td>\n                    <td>Cupom</td>\n                    <td class="direita">R$ 32.550,00</td>\n                </tr>\n                \n                <tr>\n                    <td>08/08/2026</td>\n                    <td>Sinalização viária</td>\n                    <td></td>\n                    <td>Manual</td>\n                    <td class="direita">R$ 2.800,00</td>\n                </tr>\n                \n                <tr>\n                    <td>07/08/2026</td>\n                    <td>Tubo de drenagem PVC</td>\n                    <td></td>\n                    <td>Nota geral</td>\n                    <td class="direita">R$ 3.400,00</td>\n                </tr>\n                \n                <tr>\n                    <td>05/08/2026</td>\n                    <td>Operador de máquinas</td>\n                    <td></td>\n                    <td>Manual</td>\n                    <td class="direita">R$ 2.000,00</td>\n                </tr>\n                \n                <tr>\n                    <td>04/08/2026</td>\n                    <td>Compactação do solo</td>\n                    <td></td>\n                    <td>Manual</td>\n                    <td class="direita">R$ 4.500,00</td>\n                </tr>\n                \n                <tr>\n                    <td>02/08/2026</td>\n                    <td>Brita para base</td>\n                    <td></td>\n                    <td>Manual</td>\n                    <td class="direita">R$ 34.000,00</td>\n                </tr>\n                \n            </tbody>\n        </table>\n    </section>\n    \n\n    <!-- ANEXOS -->\n    \n    <section class="secao">\n        <h3>ANEXOS</h3>\n        <table class="tabela-dados">\n            <thead>\n                <tr>\n                    <th class="col-nome">Nome</th>\n                    <th class="col-tipo-anexo">Tipo</th>\n                    <th class="col-data">Data</th>\n                    <th class="col-tam">Tamanho</th>\n                </tr>\n            </thead>\n            <tbody>\n                \n                <tr>\n                    <td class="nome-anexo">relatorio_projecao_financeira_20260801.pdf</td>\n                    <td>Documento</td>\n                    <td>17/08/2026</td>\n                    <td class="direita">1.7 KB</td>\n                </tr>\n                \n                <tr>\n                    <td class="nome-anexo">Oficio_NB0_108_-_Solicitacao_de_processo_indenizatorio_assinado_assinado.pdf</td>\n                    <td>Documento</td>\n                    <td>17/08/2026</td>\n                    <td class="direita">160.2 KB</td>\n                </tr>\n                \n            </tbody>\n        </table>\n    </section>\n    \n</body>\n</html>'
  dest = <_io.BufferedRandom name='C:\\Users\\cassi\\OneDrive\\Documentos\\Controle de Obras\\reports\\obras\\relatorio_obra_02_20260817_210144.pdf'>
  path = ''
  link_callback = None
  xhtml = False
  context_meta = None
2026-08-17 21:05:45,324 - INFO - controle_obras.main - Iniciando aplicacao Controle de Obras
2026-08-17 21:05:45,371 - INFO - controle_obras.main - QApplication criado
2026-08-17 21:05:45,503 - INFO - controle_obras.main - AppContainer criado
2026-08-17 21:05:45,903 - INFO - controle_obras.main - Janela exibida
2026-08-17 21:05:50,052 - DEBUG - xhtml2pdf.document - pisaDocument options:
  src = '<!DOCTYPE html>\n<html lang="pt-BR">\n<head>\n    <meta charset="UTF-8">\n    <style>/* ============================================\n   CSS para Relatório PDF - Controle de Obras\n   Motor: xhtml2pdf\n   ============================================ */\n\n@page {\n    size: A4;\n    margin: 1.5cm 1.5cm 2cm 1.5cm;\n}\n\n/* ==================== BASE ==================== */\n\nbody {\n    font-family: Helvetica, Arial, sans-serif;\n    font-size: 10pt;\n    color: #1E293B;\n    line-height: 1.4;\n}\n\n/* ==================== CABEÇALHO ==================== */\n\n.cabecalho {\n    margin-bottom: 16pt;\n    border-bottom: 2pt solid #1B2A4A;\n    padding-bottom: 10pt;\n}\n\n.cabecalho h1 {\n    font-size: 18pt;\n    color: #1B2A4A;\n    margin: 0 0 4pt 0;\n    font-weight: 700;\n    letter-spacing: 0.5pt;\n}\n\n.cabecalho h2 {\n    font-size: 13pt;\n    color: #1B2A4A;\n    font-weight: 700;\n    margin: 0 0 10pt 0;\n}\n\n/* ==================== INFO OBRA ==================== */\n\n.info-obra {\n    width: 100%;\n    margin: 8pt 0;\n}\n\n.info-obra table {\n    width: 100%;\n    border-collapse: collapse;\n    border: none;\n}\n\n.info-obra td {\n    padding: 2pt 4pt;\n    border: none;\n    vertical-align: top;\n    font-size: 10pt;\n    color: #334155;\n    width: 50%;\n}\n\n.info-obra strong {\n    color: #1E293B;\n}\n\n.emissao {\n    text-align: right;\n    font-size: 9pt;\n    color: #64748B;\n    margin: 8pt 0 0 0;\n    font-style: italic;\n}\n\n/* ==================== SEÇÕES ==================== */\n\n.secao {\n    margin-bottom: 16pt;\n}\n\n.secao h3 {\n    font-size: 12pt;\n    color: #1B2A4A;\n    margin: 0 0 8pt 0;\n    padding-bottom: 4pt;\n    border-bottom: 1pt solid #E2E8F0;\n    font-weight: 700;\n}\n\n/* ==================== TABELAS ==================== */\n\ntable {\n    width: 100%;\n    border-collapse: collapse;\n    margin: 8pt 0;\n    font-size: 9pt;\n}\n\nthead th {\n    background-color: #1B2A4A;\n    color: white;\n    padding: 7pt 8pt;\n    text-align: left;\n    font-weight: 600;\n    font-size: 9pt;\n}\n\ntbody td {\n    padding: 6pt 8pt;\n    border-bottom: 1pt solid #E2E8F0;\n    vertical-align: top;\n}\n\ntbody tr:nth-child(even) td {\n    background-color: #F8FAFC;\n}\n\n.direita {\n    text-align: right;\n}\n\n/* ==================== TABELA RESUMO ==================== */\n\n.tabela-resumo {\n    margin: 10pt 0;\n}\n\n.tabela-resumo thead th {\n    text-align: center;\n    padding: 8pt;\n    font-size: 9pt;\n}\n\n.tabela-resumo tbody td {\n    text-align: center;\n    font-size: 11pt;\n    font-weight: 700;\n    padding: 12pt 8pt;\n    background-color: #F8FAFC;\n}\n\n/* ==================== COLUNAS TABELA DADOS ==================== */\n\n.col-data {\n    width: 12%;\n}\n\n.col-desc {\n    width: 58%;\n}\n\n.col-valor {\n    width: 30%;\n    text-align: right;\n}\n\n.col-desc-lanc {\n    width: 30%;\n}\n\n.col-tipo {\n    width: 20%;\n}\n\n.col-origem {\n    width: 18%;\n}\n\n.col-nome {\n    width: 42%;\n}\n\n.col-tipo-anexo {\n    width: 18%;\n}\n\n.col-tam {\n    width: 22%;\n    text-align: right;\n}\n\n/* ==================== RODAPÉ ==================== */\n\n.footer-table {\n    width: 100%;\n    border-top: 1pt solid #E2E8F0;\n    padding-top: 6pt;\n    margin-top: 16pt;\n}\n\n.footer-table td {\n    font-size: 8pt;\n    color: #94A3B8;\n    text-align: center;\n    border: none;\n    padding: 4pt;\n}\n\n/* ==================== UTILITÁRIOS ==================== */\n\n.page-break {\n    page-break-before: always;\n}\n\n.nao-quebrar {\n    page-break-inside: avoid;\n}\n</style>\n</head>\n<body>\n    <!-- CABEÇALHO -->\n    <header class="cabecalho">\n        <h1>RELATÓRIO DA OBRA</h1>\n        <h2>Construção de uma Ponto de 500 m</h2>\n\n        <div class="info-obra">\n            <table>\n                <tr>\n                    <td><strong>Código:</strong> 02</td>\n                    <td><strong>Cliente:</strong> Prefeitura Muncipal de Baldim</td>\n                </tr>\n                <tr>\n                    <td><strong>Local:</strong> Baldim MG</td>\n                    <td><strong>Engenheiro:</strong> Fernado Alves</td>\n                </tr>\n            </table>\n        </div>\n\n        <p class="emissao">Emissão: 17/08/2026</p>\n    </header>\n\n    <!-- RESUMO FINANCEIRO -->\n    <section class="secao">\n        <h3>RESUMO FINANCEIRO</h3>\n        <table class="tabela-resumo">\n            <thead>\n                <tr>\n                    <th>Valor Contratado</th>\n                    <th>Total Aditivos</th>\n                    <th>Total Gasto</th>\n                    <th>Valor Líquido</th>\n                </tr>\n            </thead>\n            <tbody>\n                <tr>\n                    <td>R$ 301.215.230,00</td>\n                    <td>R$ 1.524.300,00</td>\n                    <td>R$ 79.383,50</td>\n                    <td>R$ 302.660.146,50</td>\n                </tr>\n            </tbody>\n        </table>\n    </section>\n\n    <!-- ADITIVOS -->\n    \n    <section class="secao">\n        <h3>ADITIVOS</h3>\n        <table class="tabela-dados">\n            <thead>\n                <tr>\n                    <th class="col-data">Data</th>\n                    <th class="col-desc">Descrição</th>\n                    <th class="col-valor">Valor</th>\n                </tr>\n            </thead>\n            <tbody>\n                \n                <tr>\n                    <td>17/08/2026</td>\n                    <td>Aumento</td>\n                    <td class="direita">R$ 1.524.300,00</td>\n                </tr>\n                \n            </tbody>\n        </table>\n    </section>\n    \n\n    <!-- LANÇAMENTOS -->\n    \n    <section class="secao">\n        <h3>LANÇAMENTOS</h3>\n        <table class="tabela-dados">\n            <thead>\n                <tr>\n                    <th class="col-data">Data</th>\n                    <th class="col-desc-lanc">Descrição</th>\n                    <th class="col-tipo">Tipo</th>\n                    <th class="col-origem">Origem</th>\n                    <th class="col-valor">Valor</th>\n                </tr>\n            </thead>\n            <tbody>\n                \n                <tr>\n                    <td>17/08/2026</td>\n                    <td>Teste de lancamento</td>\n                    <td></td>\n                    <td>Manual</td>\n                    <td class="direita">R$ 100,50</td>\n                </tr>\n                \n                <tr>\n                    <td>17/08/2026</td>\n                    <td>Ferro</td>\n                    <td></td>\n                    <td>Manual</td>\n                    <td class="direita">R$ 33,00</td>\n                </tr>\n                \n                <tr>\n                    <td>10/08/2026</td>\n                    <td>Combustível</td>\n                    <td></td>\n                    <td>Cupom</td>\n                    <td class="direita">R$ 32.550,00</td>\n                </tr>\n                \n                <tr>\n                    <td>08/08/2026</td>\n                    <td>Sinalização viária</td>\n                    <td></td>\n                    <td>Manual</td>\n                    <td class="direita">R$ 2.800,00</td>\n                </tr>\n                \n                <tr>\n                    <td>07/08/2026</td>\n                    <td>Tubo de drenagem PVC</td>\n                    <td></td>\n                    <td>Nota geral</td>\n                    <td class="direita">R$ 3.400,00</td>\n                </tr>\n                \n                <tr>\n                    <td>05/08/2026</td>\n                    <td>Operador de máquinas</td>\n                    <td></td>\n                    <td>Manual</td>\n                    <td class="direita">R$ 2.000,00</td>\n                </tr>\n                \n                <tr>\n                    <td>04/08/2026</td>\n                    <td>Compactação do solo</td>\n                    <td></td>\n                    <td>Manual</td>\n                    <td class="direita">R$ 4.500,00</td>\n                </tr>\n                \n                <tr>\n                    <td>02/08/2026</td>\n                    <td>Brita para base</td>\n                    <td></td>\n                    <td>Manual</td>\n                    <td class="direita">R$ 34.000,00</td>\n                </tr>\n                \n            </tbody>\n        </table>\n    </section>\n    \n\n    <!-- ANEXOS -->\n    \n    <section class="secao">\n        <h3>ANEXOS</h3>\n        <table class="tabela-dados">\n            <thead>\n                <tr>\n                    <th class="col-nome">Nome</th>\n                    <th class="col-tipo-anexo">Tipo</th>\n                    <th class="col-data">Data</th>\n                    <th class="col-tam">Tamanho</th>\n                </tr>\n            </thead>\n            <tbody>\n                \n                <tr>\n                    <td class="nome-anexo">relatorio_projecao_financeira_20260801.pdf</td>\n                    <td>Documento</td>\n                    <td>17/08/2026</td>\n                    <td class="direita">1.7 KB</td>\n                </tr>\n                \n                <tr>\n                    <td class="nome-anexo">Oficio_NB0_108_-_Solicitacao_de_processo_indenizatorio_assinado_assinado.pdf</td>\n                    <td>Documento</td>\n                    <td>17/08/2026</td>\n                    <td class="direita">160.2 KB</td>\n                </tr>\n                \n            </tbody>\n        </table>\n    </section>\n    \n</body>\n</html>'
  dest = <_io.BufferedRandom name='C:\\Users\\cassi\\OneDrive\\Documentos\\Controle de Obras\\reports\\obras\\relatorio_obra_02_20260817_210550.pdf'>
  path = ''
  link_callback = None
  xhtml = False
  context_meta = None
2026-08-17 21:05:50,083 - DEBUG - xhtml2pdf.tables - Col 0 has width 50%
2026-08-17 21:05:50,083 - DEBUG - xhtml2pdf.tables - Col 1 has width 50%
2026-08-17 21:05:50,092 - DEBUG - xhtml2pdf.tables - Col 0 has width 50%
2026-08-17 21:05:50,092 - DEBUG - xhtml2pdf.tables - Col 1 has width 50%
2026-08-17 21:05:50,094 - DEBUG - xhtml2pdf.tables - Col widths: ['50%', '50%']
2026-08-17 21:05:50,099 - DEBUG - xhtml2pdf.tables - None
2026-08-17 21:05:50,099 - DEBUG - xhtml2pdf.tables - None
2026-08-17 21:05:50,099 - DEBUG - xhtml2pdf.tables - None
2026-08-17 21:05:50,099 - DEBUG - xhtml2pdf.tables - None
2026-08-17 21:05:50,103 - DEBUG - xhtml2pdf.tables - None
2026-08-17 21:05:50,103 - DEBUG - xhtml2pdf.tables - None
2026-08-17 21:05:50,103 - DEBUG - xhtml2pdf.tables - None
2026-08-17 21:05:50,103 - DEBUG - xhtml2pdf.tables - None
2026-08-17 21:05:50,103 - DEBUG - xhtml2pdf.tables - Col widths: [None, None, None, None]
2026-08-17 21:05:50,107 - DEBUG - xhtml2pdf.tables - Col 0 has width 12%
2026-08-17 21:05:50,107 - DEBUG - xhtml2pdf.tables - Col 1 has width 58%
2026-08-17 21:05:50,109 - DEBUG - xhtml2pdf.tables - Col 2 has width 30%
2026-08-17 21:05:50,111 - DEBUG - xhtml2pdf.tables - None
2026-08-17 21:05:50,111 - DEBUG - xhtml2pdf.tables - None
2026-08-17 21:05:50,113 - DEBUG - xhtml2pdf.tables - None
2026-08-17 21:05:50,113 - DEBUG - xhtml2pdf.tables - Col widths: ['12%', '58%', '30%']
2026-08-17 21:05:50,117 - DEBUG - xhtml2pdf.tables - Col 0 has width 12%
2026-08-17 21:05:50,119 - DEBUG - xhtml2pdf.tables - Col 1 has width 30%
2026-08-17 21:05:50,119 - DEBUG - xhtml2pdf.tables - Col 2 has width 20%
2026-08-17 21:05:50,121 - DEBUG - xhtml2pdf.tables - Col 3 has width 18%
2026-08-17 21:05:50,121 - DEBUG - xhtml2pdf.tables - Col 4 has width 30%
2026-08-17 21:05:50,123 - DEBUG - xhtml2pdf.tables - None
2026-08-17 21:05:50,125 - DEBUG - xhtml2pdf.tables - None
2026-08-17 21:05:50,125 - DEBUG - xhtml2pdf.tables - None
2026-08-17 21:05:50,125 - DEBUG - xhtml2pdf.tables - Col 2 has width 16.0
2026-08-17 21:05:50,125 - DEBUG - xhtml2pdf.tables - None
2026-08-17 21:05:50,125 - DEBUG - xhtml2pdf.tables - None
2026-08-17 21:05:50,127 - DEBUG - xhtml2pdf.tables - None
2026-08-17 21:05:50,127 - DEBUG - xhtml2pdf.tables - None
2026-08-17 21:05:50,127 - DEBUG - xhtml2pdf.tables - None
2026-08-17 21:05:50,127 - DEBUG - xhtml2pdf.tables - Col 2 has width 16.0
2026-08-17 21:05:50,127 - DEBUG - xhtml2pdf.tables - None
2026-08-17 21:05:50,129 - DEBUG - xhtml2pdf.tables - None
2026-08-17 21:05:50,131 - DEBUG - xhtml2pdf.tables - None
2026-08-17 21:05:50,131 - DEBUG - xhtml2pdf.tables - None
2026-08-17 21:05:50,131 - DEBUG - xhtml2pdf.tables - None
2026-08-17 21:05:50,131 - DEBUG - xhtml2pdf.tables - Col 2 has width 16.0
2026-08-17 21:05:50,131 - DEBUG - xhtml2pdf.tables - None
2026-08-17 21:05:50,131 - DEBUG - xhtml2pdf.tables - None
2026-08-17 21:05:50,131 - DEBUG - xhtml2pdf.tables - None
2026-08-17 21:05:50,131 - DEBUG - xhtml2pdf.tables - None
2026-08-17 21:05:50,131 - DEBUG - xhtml2pdf.tables - None
2026-08-17 21:05:50,131 - DEBUG - xhtml2pdf.tables - Col 2 has width 16.0
2026-08-17 21:05:50,131 - DEBUG - xhtml2pdf.tables - None
2026-08-17 21:05:50,131 - DEBUG - xhtml2pdf.tables - None
2026-08-17 21:05:50,131 - DEBUG - xhtml2pdf.tables - None
2026-08-17 21:05:50,131 - DEBUG - xhtml2pdf.tables - None
2026-08-17 21:05:50,131 - DEBUG - xhtml2pdf.tables - None
2026-08-17 21:05:50,131 - DEBUG - xhtml2pdf.tables - Col 2 has width 16.0
2026-08-17 21:05:50,131 - DEBUG - xhtml2pdf.tables - None
2026-08-17 21:05:50,131 - DEBUG - xhtml2pdf.tables - None
2026-08-17 21:05:50,131 - DEBUG - xhtml2pdf.tables - None
2026-08-17 21:05:50,131 - DEBUG - xhtml2pdf.tables - None
2026-08-17 21:05:50,131 - DEBUG - xhtml2pdf.tables - None
2026-08-17 21:05:50,131 - DEBUG - xhtml2pdf.tables - Col 2 has width 16.0
2026-08-17 21:05:50,131 - DEBUG - xhtml2pdf.tables - None
2026-08-17 21:05:50,131 - DEBUG - xhtml2pdf.tables - None
2026-08-17 21:05:50,131 - DEBUG - xhtml2pdf.tables - None
2026-08-17 21:05:50,131 - DEBUG - xhtml2pdf.tables - None
2026-08-17 21:05:50,131 - DEBUG - xhtml2pdf.tables - None
2026-08-17 21:05:50,131 - DEBUG - xhtml2pdf.tables - Col 2 has width 16.0
2026-08-17 21:05:50,131 - DEBUG - xhtml2pdf.tables - None
2026-08-17 21:05:50,131 - DEBUG - xhtml2pdf.tables - None
2026-08-17 21:05:50,131 - DEBUG - xhtml2pdf.tables - None
2026-08-17 21:05:50,131 - DEBUG - xhtml2pdf.tables - None
2026-08-17 21:05:50,131 - DEBUG - xhtml2pdf.tables - None
2026-08-17 21:05:50,131 - DEBUG - xhtml2pdf.tables - Col 2 has width 16.0
2026-08-17 21:05:50,147 - DEBUG - xhtml2pdf.tables - None
2026-08-17 21:05:50,147 - DEBUG - xhtml2pdf.tables - None
2026-08-17 21:05:50,147 - DEBUG - xhtml2pdf.tables - Col widths: ['12%', '30%', 16.0, '18%', '30%']
2026-08-17 21:05:50,156 - DEBUG - xhtml2pdf.tables - Col 0 has width 42%
2026-08-17 21:05:50,156 - DEBUG - xhtml2pdf.tables - Col 1 has width 18%
2026-08-17 21:05:50,158 - DEBUG - xhtml2pdf.tables - Col 2 has width 12%
2026-08-17 21:05:50,158 - DEBUG - xhtml2pdf.tables - Col 3 has width 22%
2026-08-17 21:05:50,162 - DEBUG - xhtml2pdf.tables - None
2026-08-17 21:05:50,162 - DEBUG - xhtml2pdf.tables - None
2026-08-17 21:05:50,164 - DEBUG - xhtml2pdf.tables - None
2026-08-17 21:05:50,164 - DEBUG - xhtml2pdf.tables - None
2026-08-17 21:05:50,166 - DEBUG - xhtml2pdf.tables - None
2026-08-17 21:05:50,166 - DEBUG - xhtml2pdf.tables - None
2026-08-17 21:05:50,166 - DEBUG - xhtml2pdf.tables - None
2026-08-17 21:05:50,168 - DEBUG - xhtml2pdf.tables - None
2026-08-17 21:05:50,168 - DEBUG - xhtml2pdf.tables - Col widths: ['42%', '18%', '12%', '22%']
2026-08-17 21:11:26,757 - INFO - controle_obras.main - Iniciando aplicacao Controle de Obras
2026-08-17 21:11:26,786 - INFO - controle_obras.main - QApplication criado
2026-08-17 21:11:26,903 - INFO - controle_obras.main - AppContainer criado
2026-08-17 21:11:27,557 - INFO - controle_obras.main - Janela exibida
2026-08-17 21:11:31,518 - DEBUG - xhtml2pdf.document - pisaDocument options:
  src = '<!DOCTYPE html>\n<html lang="pt-BR">\n<head>\n    <meta charset="UTF-8">\n    <style>/* ============================================\n   CSS para Relatório PDF - Controle de Obras\n   Motor: xhtml2pdf\n   ============================================ */\n\n@page {\n    size: A4;\n    margin: 1.5cm 1.5cm 2cm 1.5cm;\n}\n\n/* ==================== BASE ==================== */\n\nbody {\n    font-family: Helvetica, Arial, sans-serif;\n    font-size: 10pt;\n    color: #1E293B;\n    line-height: 1.4;\n}\n\n/* ==================== CABEÇALHO ==================== */\n\n.cabecalho {\n    margin-bottom: 16pt;\n    border-bottom: 2pt solid #1B2A4A;\n    padding-bottom: 10pt;\n}\n\n.cabecalho h1 {\n    font-size: 18pt;\n    color: #1B2A4A;\n    margin: 0 0 4pt 0;\n    font-weight: 700;\n    letter-spacing: 0.5pt;\n}\n\n.cabecalho h2 {\n    font-size: 13pt;\n    color: #1B2A4A;\n    font-weight: 700;\n    margin: 0 0 10pt 0;\n}\n\n/* ==================== INFO OBRA ==================== */\n\n.info-obra {\n    width: 100%;\n    margin: 8pt 0;\n}\n\n.info-obra table {\n    width: 100%;\n    border-collapse: collapse;\n    border: none;\n}\n\n.info-obra td {\n    padding: 2pt 4pt;\n    border: none;\n    vertical-align: top;\n    font-size: 10pt;\n    color: #334155;\n    width: 50%;\n}\n\n.info-obra strong {\n    color: #1E293B;\n}\n\n.emissao {\n    text-align: right;\n    font-size: 9pt;\n    color: #64748B;\n    margin: 8pt 0 0 0;\n    font-style: italic;\n}\n\n/* ==================== SEÇÕES ==================== */\n\n.secao {\n    margin-bottom: 16pt;\n}\n\n.secao h3 {\n    font-size: 12pt;\n    color: #1B2A4A;\n    margin: 0 0 8pt 0;\n    padding-bottom: 4pt;\n    border-bottom: 1pt solid #E2E8F0;\n    font-weight: 700;\n}\n\n/* ==================== TABELAS ==================== */\n\ntable {\n    width: 100%;\n    border-collapse: collapse;\n    margin: 8pt 0;\n    font-size: 9pt;\n}\n\nthead th {\n    background-color: #1B2A4A;\n    color: white;\n    padding: 5pt 4pt;\n    text-align: left;\n    font-weight: 600;\n    font-size: 9pt;\n}\n\ntbody td {\n    padding: 4pt;\n    border-bottom: 1pt solid #E2E8F0;\n    vertical-align: top;\n}\n\ntbody tr:nth-child(even) td {\n    background-color: #F8FAFC;\n}\n\n.direita {\n    text-align: right;\n}\n\n/* ==================== TABELA RESUMO ==================== */\n\n.tabela-resumo {\n    margin: 10pt 0;\n}\n\n.tabela-resumo thead th {\n    text-align: center;\n    padding: 8pt;\n    font-size: 9pt;\n}\n\n.tabela-resumo tbody td {\n    text-align: center;\n    font-size: 11pt;\n    font-weight: 700;\n    padding: 12pt 8pt;\n    background-color: #F8FAFC;\n}\n\n/* ==================== LANÇAMENTOS ==================== */\n\n.tabela-lanc th,\n.tabela-lanc td {\n    font-size: 8pt;\n}\n\n.tabela-lanc td {\n    padding: 3pt 4pt;\n}\n\n/* ==================== ANEXOS ==================== */\n\n.tabela-anexos th,\n.tabela-anexos td {\n    font-size: 8pt;\n}\n\n.tabela-anexos td {\n    padding: 3pt 4pt;\n}\n\n/* ==================== RODAPÉ ==================== */\n\n.footer-table {\n    width: 100%;\n    border-top: 1pt solid #E2E8F0;\n    padding-top: 6pt;\n    margin-top: 16pt;\n}\n\n.footer-table td {\n    font-size: 8pt;\n    color: #94A3B8;\n    text-align: center;\n    border: none;\n    padding: 4pt;\n}\n\n/* ==================== UTILITÁRIOS ==================== */\n\n.page-break {\n    page-break-before: always;\n}\n\n.nao-quebrar {\n    page-break-inside: avoid;\n}\n</style>\n</head>\n<body>\n    <!-- CABEÇALHO -->\n    <header class="cabecalho">\n        <h1>RELATÓRIO DA OBRA</h1>\n        <h2>Construção de uma Ponto de 500 m</h2>\n\n        <div class="info-obra">\n            <table>\n                <tr>\n                    <td><strong>Código:</strong> 02</td>\n                    <td><strong>Cliente:</strong> Prefeitura Muncipal de Baldim</td>\n                </tr>\n                <tr>\n                    <td><strong>Local:</strong> Baldim MG</td>\n                    <td><strong>Engenheiro:</strong> Fernado Alves</td>\n                </tr>\n            </table>\n        </div>\n\n        <p class="emissao">Emissão: 17/08/2026</p>\n    </header>\n\n    <!-- RESUMO FINANCEIRO -->\n    <section class="secao">\n        <h3>RESUMO FINANCEIRO</h3>\n        <table class="tabela-resumo">\n            <thead>\n                <tr>\n                    <th>Valor Contratado</th>\n                    <th>Total Aditivos</th>\n                    <th>Total Gasto</th>\n                    <th>Valor Líquido</th>\n                </tr>\n            </thead>\n            <tbody>\n                <tr>\n                    <td>R$ 301.215.230,00</td>\n                    <td>R$ 1.524.300,00</td>\n                    <td>R$ 79.383,50</td>\n                    <td>R$ 302.660.146,50</td>\n                </tr>\n            </tbody>\n        </table>\n    </section>\n\n    <!-- ADITIVOS -->\n    \n    <section class="secao">\n        <h3>ADITIVOS</h3>\n        <table width="100%" repeat="1">\n            <thead>\n                <tr>\n                    <th width="14%">Data</th>\n                    <th width="72%">Descrição</th>\n                    <th width="14%">Valor</th>\n                </tr>\n            </thead>\n            <tbody>\n                \n                <tr>\n                    <td width="14%">17/08/2026</td>\n                    <td width="72%">Aumento</td>\n                    <td width="14%" class="direita">R$ 1.524.300,00</td>\n                </tr>\n                \n            </tbody>\n        </table>\n    </section>\n    \n\n    <!-- LANÇAMENTOS -->\n    \n    <section class="secao">\n        <h3>LANÇAMENTOS</h3>\n        <table width="100%" repeat="1" class="tabela-lanc">\n            <thead>\n                <tr>\n                    <th width="14%">Data</th>\n                    <th width="38%">Descrição</th>\n                    <th width="16%">Tipo</th>\n                    <th width="18%">Origem</th>\n                    <th width="14%">Valor</th>\n                </tr>\n            </thead>\n            <tbody>\n                \n                <tr>\n                    <td width="14%">17/08/2026</td>\n                    <td width="38%">Teste de lancamento</td>\n                    <td width="16%"></td>\n                    <td width="18%">Manual</td>\n                    <td width="14%" class="direita">R$ 100,50</td>\n                </tr>\n                \n                <tr>\n                    <td width="14%">17/08/2026</td>\n                    <td width="38%">Ferro</td>\n                    <td width="16%"></td>\n                    <td width="18%">Manual</td>\n                    <td width="14%" class="direita">R$ 33,00</td>\n                </tr>\n                \n                <tr>\n                    <td width="14%">10/08/2026</td>\n                    <td width="38%">Combustível</td>\n                    <td width="16%"></td>\n                    <td width="18%">Cupom</td>\n                    <td width="14%" class="direita">R$ 32.550,00</td>\n                </tr>\n                \n                <tr>\n                    <td width="14%">08/08/2026</td>\n                    <td width="38%">Sinalização viária</td>\n                    <td width="16%"></td>\n                    <td width="18%">Manual</td>\n                    <td width="14%" class="direita">R$ 2.800,00</td>\n                </tr>\n                \n                <tr>\n                    <td width="14%">07/08/2026</td>\n                    <td width="38%">Tubo de drenagem PVC</td>\n                    <td width="16%"></td>\n                    <td width="18%">Nota geral</td>\n                    <td width="14%" class="direita">R$ 3.400,00</td>\n                </tr>\n                \n                <tr>\n                    <td width="14%">05/08/2026</td>\n                    <td width="38%">Operador de máquinas</td>\n                    <td width="16%"></td>\n                    <td width="18%">Manual</td>\n                    <td width="14%" class="direita">R$ 2.000,00</td>\n                </tr>\n                \n                <tr>\n                    <td width="14%">04/08/2026</td>\n                    <td width="38%">Compactação do solo</td>\n                    <td width="16%"></td>\n                    <td width="18%">Manual</td>\n                    <td width="14%" class="direita">R$ 4.500,00</td>\n                </tr>\n                \n                <tr>\n                    <td width="14%">02/08/2026</td>\n                    <td width="38%">Brita para base</td>\n                    <td width="16%"></td>\n                    <td width="18%">Manual</td>\n                    <td width="14%" class="direita">R$ 34.000,00</td>\n                </tr>\n                \n            </tbody>\n        </table>\n    </section>\n    \n\n    <!-- ANEXOS -->\n    \n    <section class="secao">\n        <h3>ANEXOS</h3>\n        <table width="100%" repeat="1" class="tabela-anexos">\n            <thead>\n                <tr>\n                    <th width="48%">Nome</th>\n                    <th width="18%">Tipo</th>\n                    <th width="19%">Data</th>\n                    <th width="15%">Tamanho</th>\n                </tr>\n            </thead>\n            <tbody>\n                \n                <tr>\n                    <td width="48%">relatorio_projecao_financeira_20260801.pdf</td>\n                    <td width="18%">Documento</td>\n                    <td width="19%">17/08/2026</td>\n                    <td width="15%" class="direita">1.7 KB</td>\n                </tr>\n                \n                <tr>\n                    <td width="48%">Oficio_NB0_108_-_Solicitacao_de_processo_indenizatorio_assinado_assinado.pdf</td>\n                    <td width="18%">Documento</td>\n                    <td width="19%">17/08/2026</td>\n                    <td width="15%" class="direita">160.2 KB</td>\n                </tr>\n                \n            </tbody>\n        </table>\n    </section>\n    \n</body>\n</html>'
  dest = <_io.BufferedRandom name='C:\\Users\\cassi\\OneDrive\\Documentos\\Controle de Obras\\reports\\obras\\relatorio_obra_02_20260817_211131.pdf'>
  path = ''
  link_callback = None
  xhtml = False
  context_meta = None
2026-08-17 21:11:31,534 - DEBUG - xhtml2pdf.tables - Col 0 has width 50%
2026-08-17 21:11:31,534 - DEBUG - xhtml2pdf.tables - Col 1 has width 50%
2026-08-17 21:11:31,550 - DEBUG - xhtml2pdf.tables - Col 0 has width 50%
2026-08-17 21:11:31,550 - DEBUG - xhtml2pdf.tables - Col 1 has width 50%
2026-08-17 21:11:31,550 - DEBUG - xhtml2pdf.tables - Col widths: ['50%', '50%']
2026-08-17 21:11:31,550 - DEBUG - xhtml2pdf.tables - None
2026-08-17 21:11:31,550 - DEBUG - xhtml2pdf.tables - None
2026-08-17 21:11:31,550 - DEBUG - xhtml2pdf.tables - None
2026-08-17 21:11:31,550 - DEBUG - xhtml2pdf.tables - None
2026-08-17 21:11:31,550 - DEBUG - xhtml2pdf.tables - None
2026-08-17 21:11:31,550 - DEBUG - xhtml2pdf.tables - None
2026-08-17 21:11:31,550 - DEBUG - xhtml2pdf.tables - None
2026-08-17 21:11:31,550 - DEBUG - xhtml2pdf.tables - None
2026-08-17 21:11:31,550 - DEBUG - xhtml2pdf.tables - Col widths: [None, None, None, None]
2026-08-17 21:11:31,550 - DEBUG - xhtml2pdf.tables - Col 0 has width 14%
2026-08-17 21:11:31,550 - DEBUG - xhtml2pdf.tables - Col 1 has width 72%
2026-08-17 21:11:31,550 - DEBUG - xhtml2pdf.tables - Col 2 has width 14%
2026-08-17 21:11:31,566 - DEBUG - xhtml2pdf.tables - Col 0 has width 14%
2026-08-17 21:11:31,566 - DEBUG - xhtml2pdf.tables - Col 1 has width 72%
2026-08-17 21:11:31,566 - DEBUG - xhtml2pdf.tables - Col 2 has width 14%
2026-08-17 21:11:31,566 - DEBUG - xhtml2pdf.tables - Col widths: ['14%', '72%', '14%']
2026-08-17 21:11:31,566 - DEBUG - xhtml2pdf.tables - Col 0 has width 14%
2026-08-17 21:11:31,566 - DEBUG - xhtml2pdf.tables - Col 1 has width 38%
2026-08-17 21:11:31,566 - DEBUG - xhtml2pdf.tables - Col 2 has width 16%
2026-08-17 21:11:31,566 - DEBUG - xhtml2pdf.tables - Col 3 has width 18%
2026-08-17 21:11:31,566 - DEBUG - xhtml2pdf.tables - Col 4 has width 14%
2026-08-17 21:11:31,566 - DEBUG - xhtml2pdf.tables - Col 0 has width 14%
2026-08-17 21:11:31,566 - DEBUG - xhtml2pdf.tables - Col 1 has width 38%
2026-08-17 21:11:31,566 - DEBUG - xhtml2pdf.tables - Col 2 has width 16%
2026-08-17 21:11:31,566 - DEBUG - xhtml2pdf.tables - Col 3 has width 18%
2026-08-17 21:11:31,566 - DEBUG - xhtml2pdf.tables - Col 4 has width 14%
2026-08-17 21:11:31,566 - DEBUG - xhtml2pdf.tables - Col 0 has width 14%
2026-08-17 21:11:31,566 - DEBUG - xhtml2pdf.tables - Col 1 has width 38%
2026-08-17 21:11:31,566 - DEBUG - xhtml2pdf.tables - Col 2 has width 16%
2026-08-17 21:11:31,566 - DEBUG - xhtml2pdf.tables - Col 3 has width 18%
2026-08-17 21:11:31,566 - DEBUG - xhtml2pdf.tables - Col 4 has width 14%
2026-08-17 21:11:31,582 - DEBUG - xhtml2pdf.tables - Col 0 has width 14%
2026-08-17 21:11:31,582 - DEBUG - xhtml2pdf.tables - Col 1 has width 38%
2026-08-17 21:11:31,582 - DEBUG - xhtml2pdf.tables - Col 2 has width 16%
2026-08-17 21:11:31,582 - DEBUG - xhtml2pdf.tables - Col 3 has width 18%
2026-08-17 21:11:31,582 - DEBUG - xhtml2pdf.tables - Col 4 has width 14%
2026-08-17 21:11:31,582 - DEBUG - xhtml2pdf.tables - Col 0 has width 14%
2026-08-17 21:11:31,582 - DEBUG - xhtml2pdf.tables - Col 1 has width 38%
2026-08-17 21:11:31,582 - DEBUG - xhtml2pdf.tables - Col 2 has width 16%
2026-08-17 21:11:31,582 - DEBUG - xhtml2pdf.tables - Col 3 has width 18%
2026-08-17 21:11:31,582 - DEBUG - xhtml2pdf.tables - Col 4 has width 14%
2026-08-17 21:11:31,582 - DEBUG - xhtml2pdf.tables - Col 0 has width 14%
2026-08-17 21:11:31,582 - DEBUG - xhtml2pdf.tables - Col 1 has width 38%
2026-08-17 21:11:31,582 - DEBUG - xhtml2pdf.tables - Col 2 has width 16%
2026-08-17 21:11:31,582 - DEBUG - xhtml2pdf.tables - Col 3 has width 18%
2026-08-17 21:11:31,582 - DEBUG - xhtml2pdf.tables - Col 4 has width 14%
2026-08-17 21:11:31,582 - DEBUG - xhtml2pdf.tables - Col 0 has width 14%
2026-08-17 21:11:31,582 - DEBUG - xhtml2pdf.tables - Col 1 has width 38%
2026-08-17 21:11:31,582 - DEBUG - xhtml2pdf.tables - Col 2 has width 16%
2026-08-17 21:11:31,582 - DEBUG - xhtml2pdf.tables - Col 3 has width 18%
2026-08-17 21:11:31,582 - DEBUG - xhtml2pdf.tables - Col 4 has width 14%
2026-08-17 21:11:31,582 - DEBUG - xhtml2pdf.tables - Col 0 has width 14%
2026-08-17 21:11:31,582 - DEBUG - xhtml2pdf.tables - Col 1 has width 38%
2026-08-17 21:11:31,582 - DEBUG - xhtml2pdf.tables - Col 2 has width 16%
2026-08-17 21:11:31,582 - DEBUG - xhtml2pdf.tables - Col 3 has width 18%
2026-08-17 21:11:31,582 - DEBUG - xhtml2pdf.tables - Col 4 has width 14%
2026-08-17 21:11:31,597 - DEBUG - xhtml2pdf.tables - Col 0 has width 14%
2026-08-17 21:11:31,597 - DEBUG - xhtml2pdf.tables - Col 1 has width 38%
2026-08-17 21:11:31,597 - DEBUG - xhtml2pdf.tables - Col 2 has width 16%
2026-08-17 21:11:31,597 - DEBUG - xhtml2pdf.tables - Col 3 has width 18%
2026-08-17 21:11:31,597 - DEBUG - xhtml2pdf.tables - Col 4 has width 14%
2026-08-17 21:11:31,597 - DEBUG - xhtml2pdf.tables - Col widths: ['14%', '38%', '16%', '18%', '14%']
2026-08-17 21:11:31,597 - DEBUG - xhtml2pdf.tables - Col 0 has width 48%
2026-08-17 21:11:31,597 - DEBUG - xhtml2pdf.tables - Col 1 has width 18%
2026-08-17 21:11:31,597 - DEBUG - xhtml2pdf.tables - Col 2 has width 19%
2026-08-17 21:11:31,597 - DEBUG - xhtml2pdf.tables - Col 3 has width 15%
2026-08-17 21:11:31,606 - DEBUG - xhtml2pdf.tables - Col 0 has width 48%
2026-08-17 21:11:31,606 - DEBUG - xhtml2pdf.tables - Col 1 has width 18%
2026-08-17 21:11:31,606 - DEBUG - xhtml2pdf.tables - Col 2 has width 19%
2026-08-17 21:11:31,606 - DEBUG - xhtml2pdf.tables - Col 3 has width 15%
2026-08-17 21:11:31,606 - DEBUG - xhtml2pdf.tables - Col 0 has width 48%
2026-08-17 21:11:31,606 - DEBUG - xhtml2pdf.tables - Col 1 has width 18%
2026-08-17 21:11:31,606 - DEBUG - xhtml2pdf.tables - Col 2 has width 19%
2026-08-17 21:11:31,606 - DEBUG - xhtml2pdf.tables - Col 3 has width 15%
2026-08-17 21:11:31,606 - DEBUG - xhtml2pdf.tables - Col widths: ['48%', '18%', '19%', '15%']
2026-08-17 21:17:15,317 - INFO - controle_obras.main - Iniciando aplicacao Controle de Obras
2026-08-17 21:17:15,356 - INFO - controle_obras.main - QApplication criado
2026-08-17 21:17:15,467 - INFO - controle_obras.main - AppContainer criado
2026-08-17 21:17:15,804 - INFO - controle_obras.main - Janela exibida
2026-08-17 21:17:19,255 - DEBUG - xhtml2pdf.document - pisaDocument options:
  src = '<!DOCTYPE html>\n<html lang="pt-BR">\n<head>\n    <meta charset="UTF-8">\n    <style>/* ============================================\n   CSS para Relatório PDF - Controle de Obras\n   Motor: xhtml2pdf\n   ============================================ */\n\n@page {\n    size: A4;\n    margin: 1.5cm 1.5cm 2cm 1.5cm;\n}\n\n/* ==================== BASE ==================== */\n\nbody {\n    font-family: Helvetica, Arial, sans-serif;\n    font-size: 10pt;\n    color: #374151;\n    line-height: 1.4;\n}\n\n/* ==================== CABEÇALHO ==================== */\n\n.cabecalho {\n    margin-bottom: 16pt;\n    border-bottom: 2pt solid #9CA3AF;\n    padding-bottom: 10pt;\n    text-align: center;\n}\n\n.cabecalho h1 {\n    font-size: 18pt;\n    color: #374151;\n    margin: 0 0 4pt 0;\n    font-weight: 700;\n    letter-spacing: 0.5pt;\n    text-align: center;\n}\n\n.cabecalho h2 {\n    font-size: 13pt;\n    color: #6B7280;\n    font-weight: 600;\n    margin: 0 0 10pt 0;\n    text-align: center;\n}\n\n/* ==================== INFO OBRA ==================== */\n\n.info-obra {\n    width: 100%;\n    margin: 8pt 0;\n}\n\n.info-obra table {\n    width: 100%;\n    border-collapse: collapse;\n    border: none;\n}\n\n.info-obra td {\n    padding: 2pt 4pt;\n    border: none;\n    vertical-align: top;\n    font-size: 10pt;\n    color: #4B5563;\n    width: 50%;\n}\n\n.info-obra strong {\n    color: #374151;\n}\n\n.emissao {\n    text-align: right;\n    font-size: 9pt;\n    color: #9CA3AF;\n    margin: 8pt 0 0 0;\n    font-style: italic;\n}\n\n/* ==================== SEÇÕES ==================== */\n\n.secao {\n    margin-bottom: 16pt;\n}\n\n.secao h3 {\n    font-size: 12pt;\n    color: #4B5563;\n    margin: 0 0 8pt 0;\n    padding-bottom: 4pt;\n    border-bottom: 1pt solid #E5E7EB;\n    font-weight: 700;\n}\n\n/* ==================== TABELAS ==================== */\n\ntable {\n    width: 100%;\n    border-collapse: collapse;\n    margin: 8pt 0;\n    font-size: 9pt;\n}\n\nthead th {\n    background-color: #6B7280;\n    color: white;\n    padding: 5pt 4pt;\n    text-align: left;\n    font-weight: 600;\n    font-size: 9pt;\n}\n\ntbody td {\n    padding: 4pt;\n    border-bottom: 1pt solid #E5E7EB;\n    vertical-align: top;\n}\n\ntbody tr:nth-child(even) td {\n    background-color: #F9FAFB;\n}\n\n.direita {\n    text-align: right;\n}\n\n/* ==================== TABELA RESUMO ==================== */\n\n.tabela-resumo {\n    margin: 10pt 0;\n}\n\n.tabela-resumo thead th {\n    text-align: center;\n    padding: 8pt;\n    font-size: 9pt;\n}\n\n.tabela-resumo tbody td {\n    text-align: center;\n    font-size: 11pt;\n    font-weight: 700;\n    padding: 12pt 8pt;\n    background-color: #F9FAFB;\n}\n\n/* ==================== LANÇAMENTOS ==================== */\n\n.tabela-lanc th,\n.tabela-lanc td {\n    font-size: 8pt;\n}\n\n.tabela-lanc td {\n    padding: 3pt 4pt;\n}\n\n/* ==================== ANEXOS ==================== */\n\n.tabela-anexos th,\n.tabela-anexos td {\n    font-size: 8pt;\n}\n\n.tabela-anexos td {\n    padding: 3pt 4pt;\n}\n\n/* ==================== RODAPÉ ==================== */\n\n.footer-table {\n    width: 100%;\n    border-top: 1pt solid #E5E7EB;\n    padding-top: 6pt;\n    margin-top: 16pt;\n}\n\n.footer-table td {\n    font-size: 8pt;\n    color: #9CA3AF;\n    text-align: center;\n    border: none;\n    padding: 4pt;\n}\n\n/* ==================== UTILITÁRIOS ==================== */\n\n.page-break {\n    page-break-before: always;\n}\n\n.nao-quebrar {\n    page-break-inside: avoid;\n}\n\n/* ==================== ASSINATURA ==================== */\n\n.assinatura {\n    margin-top: 40pt;\n    text-align: center;\n}\n\n.assinatura-texto {\n    font-size: 10pt;\n    color: #374151;\n    margin-bottom: 4pt;\n}\n\n.assinatura-nome {\n    font-size: 11pt;\n    font-weight: 700;\n    color: #374151;\n    margin: 0;\n}\n\n.assinatura-cargo {\n    font-size: 9pt;\n    color: #9CA3AF;\n    margin: 2pt 0 0 0;\n}\n</style>\n</head>\n<body>\n    <!-- CABEÇALHO -->\n    <header class="cabecalho">\n        <h1>RELATÓRIO DA OBRA</h1>\n        <h2>Construção de uma Ponto de 500 m</h2>\n\n        <div class="info-obra">\n            <table>\n                <tr>\n                    <td><strong>Código:</strong> 02</td>\n                    <td><strong>Cliente:</strong> Prefeitura Muncipal de Baldim</td>\n                </tr>\n                <tr>\n                    <td><strong>Local:</strong> Baldim MG</td>\n                    <td><strong>Engenheiro:</strong> Fernado Alves</td>\n                </tr>\n            </table>\n        </div>\n\n        <p class="emissao">Emissão: 17/08/2026</p>\n    </header>\n\n    <!-- RESUMO FINANCEIRO -->\n    <section class="secao">\n        <h3>RESUMO FINANCEIRO</h3>\n        <table class="tabela-resumo">\n            <thead>\n                <tr>\n                    <th>Valor Contratado</th>\n                    <th>Total Aditivos</th>\n                    <th>Total Gasto</th>\n                    <th>Valor Líquido</th>\n                </tr>\n            </thead>\n            <tbody>\n                <tr>\n                    <td>R$ 301.215.230,00</td>\n                    <td>R$ 1.524.300,00</td>\n                    <td>R$ 79.383,50</td>\n                    <td>R$ 302.660.146,50</td>\n                </tr>\n            </tbody>\n        </table>\n    </section>\n\n    <!-- ADITIVOS -->\n    \n    <section class="secao">\n        <h3>ADITIVOS</h3>\n        <table width="100%" repeat="1">\n            <thead>\n                <tr>\n                    <th width="14%">Data</th>\n                    <th width="72%">Descrição</th>\n                    <th width="14%">Valor</th>\n                </tr>\n            </thead>\n            <tbody>\n                \n                <tr>\n                    <td width="14%">17/08/2026</td>\n                    <td width="72%">Aumento</td>\n                    <td width="14%" class="direita">R$ 1.524.300,00</td>\n                </tr>\n                \n            </tbody>\n        </table>\n    </section>\n    \n\n    <!-- LANÇAMENTOS -->\n    \n    <section class="secao">\n        <h3>LANÇAMENTOS</h3>\n        <table width="100%" repeat="1" class="tabela-lanc">\n            <thead>\n                <tr>\n                    <th width="14%">Data</th>\n                    <th width="38%">Descrição</th>\n                    <th width="16%">Tipo</th>\n                    <th width="18%">Origem</th>\n                    <th width="14%">Valor</th>\n                </tr>\n            </thead>\n            <tbody>\n                \n                <tr>\n                    <td width="14%">17/08/2026</td>\n                    <td width="38%">Teste de lancamento</td>\n                    <td width="16%"></td>\n                    <td width="18%">Manual</td>\n                    <td width="14%" class="direita">R$ 100,50</td>\n                </tr>\n                \n                <tr>\n                    <td width="14%">17/08/2026</td>\n                    <td width="38%">Ferro</td>\n                    <td width="16%"></td>\n                    <td width="18%">Manual</td>\n                    <td width="14%" class="direita">R$ 33,00</td>\n                </tr>\n                \n                <tr>\n                    <td width="14%">10/08/2026</td>\n                    <td width="38%">Combustível</td>\n                    <td width="16%"></td>\n                    <td width="18%">Cupom</td>\n                    <td width="14%" class="direita">R$ 32.550,00</td>\n                </tr>\n                \n                <tr>\n                    <td width="14%">08/08/2026</td>\n                    <td width="38%">Sinalização viária</td>\n                    <td width="16%"></td>\n                    <td width="18%">Manual</td>\n                    <td width="14%" class="direita">R$ 2.800,00</td>\n                </tr>\n                \n                <tr>\n                    <td width="14%">07/08/2026</td>\n                    <td width="38%">Tubo de drenagem PVC</td>\n                    <td width="16%"></td>\n                    <td width="18%">Nota geral</td>\n                    <td width="14%" class="direita">R$ 3.400,00</td>\n                </tr>\n                \n                <tr>\n                    <td width="14%">05/08/2026</td>\n                    <td width="38%">Operador de máquinas</td>\n                    <td width="16%"></td>\n                    <td width="18%">Manual</td>\n                    <td width="14%" class="direita">R$ 2.000,00</td>\n                </tr>\n                \n                <tr>\n                    <td width="14%">04/08/2026</td>\n                    <td width="38%">Compactação do solo</td>\n                    <td width="16%"></td>\n                    <td width="18%">Manual</td>\n                    <td width="14%" class="direita">R$ 4.500,00</td>\n                </tr>\n                \n                <tr>\n                    <td width="14%">02/08/2026</td>\n                    <td width="38%">Brita para base</td>\n                    <td width="16%"></td>\n                    <td width="18%">Manual</td>\n                    <td width="14%" class="direita">R$ 34.000,00</td>\n                </tr>\n                \n            </tbody>\n        </table>\n    </section>\n    \n\n    <!-- ANEXOS -->\n    \n    <section class="secao">\n        <h3>ANEXOS</h3>\n        <table width="100%" repeat="1" class="tabela-anexos">\n            <thead>\n                <tr>\n                    <th width="48%">Nome</th>\n                    <th width="18%">Tipo</th>\n                    <th width="19%">Data</th>\n                    <th width="15%">Tamanho</th>\n                </tr>\n            </thead>\n            <tbody>\n                \n                <tr>\n                    <td width="48%">relatorio_projecao_financeira_20260801.pdf</td>\n                    <td width="18%">Documento</td>\n                    <td width="19%">17/08/2026</td>\n                    <td width="15%" class="direita">1.7 KB</td>\n                </tr>\n                \n                <tr>\n                    <td width="48%">Oficio_NB0_108_-_Solicitacao_de_processo_indenizatorio_assinado_assinado.pdf</td>\n                    <td width="18%">Documento</td>\n                    <td width="19%">17/08/2026</td>\n                    <td width="15%" class="direita">160.2 KB</td>\n                </tr>\n                \n            </tbody>\n        </table>\n    </section>\n    \n\n    <!-- ASSINATURA -->\n    <section class="secao assinatura">\n        <p class="assinatura-texto">____________________________________</p>\n        <p class="assinatura-nome">Cassio Reis</p>\n        <p class="assinatura-cargo">Responsável Legal</p>\n    </section>\n</body>\n</html>'
  dest = <_io.BufferedRandom name='C:\\Users\\cassi\\OneDrive\\Documentos\\Controle de Obras\\reports\\obras\\relatorio_obra_02_20260817_211719.pdf'>
  path = ''
  link_callback = None
  xhtml = False
  context_meta = None
2026-08-17 21:17:19,286 - DEBUG - xhtml2pdf.tables - Col 0 has width 50%
2026-08-17 21:17:19,286 - DEBUG - xhtml2pdf.tables - Col 1 has width 50%
2026-08-17 21:17:19,286 - DEBUG - xhtml2pdf.tables - Col 0 has width 50%
2026-08-17 21:17:19,286 - DEBUG - xhtml2pdf.tables - Col 1 has width 50%
2026-08-17 21:17:19,286 - DEBUG - xhtml2pdf.tables - Col widths: ['50%', '50%']
2026-08-17 21:17:19,286 - DEBUG - xhtml2pdf.tables - None
2026-08-17 21:17:19,286 - DEBUG - xhtml2pdf.tables - None
2026-08-17 21:17:19,286 - DEBUG - xhtml2pdf.tables - None
2026-08-17 21:17:19,286 - DEBUG - xhtml2pdf.tables - None
2026-08-17 21:17:19,302 - DEBUG - xhtml2pdf.tables - None
2026-08-17 21:17:19,302 - DEBUG - xhtml2pdf.tables - None
2026-08-17 21:17:19,302 - DEBUG - xhtml2pdf.tables - None
2026-08-17 21:17:19,302 - DEBUG - xhtml2pdf.tables - None
2026-08-17 21:17:19,302 - DEBUG - xhtml2pdf.tables - Col widths: [None, None, None, None]
2026-08-17 21:17:19,302 - DEBUG - xhtml2pdf.tables - Col 0 has width 14%
2026-08-17 21:17:19,302 - DEBUG - xhtml2pdf.tables - Col 1 has width 72%
2026-08-17 21:17:19,302 - DEBUG - xhtml2pdf.tables - Col 2 has width 14%
2026-08-17 21:17:19,302 - DEBUG - xhtml2pdf.tables - Col 0 has width 14%
2026-08-17 21:17:19,302 - DEBUG - xhtml2pdf.tables - Col 1 has width 72%
2026-08-17 21:17:19,302 - DEBUG - xhtml2pdf.tables - Col 2 has width 14%
2026-08-17 21:17:19,302 - DEBUG - xhtml2pdf.tables - Col widths: ['14%', '72%', '14%']
2026-08-17 21:17:19,302 - DEBUG - xhtml2pdf.tables - Col 0 has width 14%
2026-08-17 21:17:19,302 - DEBUG - xhtml2pdf.tables - Col 1 has width 38%
2026-08-17 21:17:19,302 - DEBUG - xhtml2pdf.tables - Col 2 has width 16%
2026-08-17 21:17:19,302 - DEBUG - xhtml2pdf.tables - Col 3 has width 18%
2026-08-17 21:17:19,302 - DEBUG - xhtml2pdf.tables - Col 4 has width 14%
2026-08-17 21:17:19,320 - DEBUG - xhtml2pdf.tables - Col 0 has width 14%
2026-08-17 21:17:19,320 - DEBUG - xhtml2pdf.tables - Col 1 has width 38%
2026-08-17 21:17:19,320 - DEBUG - xhtml2pdf.tables - Col 2 has width 16%
2026-08-17 21:17:19,321 - DEBUG - xhtml2pdf.tables - Col 3 has width 18%
2026-08-17 21:17:19,322 - DEBUG - xhtml2pdf.tables - Col 4 has width 14%
2026-08-17 21:17:19,322 - DEBUG - xhtml2pdf.tables - Col 0 has width 14%
2026-08-17 21:17:19,322 - DEBUG - xhtml2pdf.tables - Col 1 has width 38%
2026-08-17 21:17:19,322 - DEBUG - xhtml2pdf.tables - Col 2 has width 16%
2026-08-17 21:17:19,322 - DEBUG - xhtml2pdf.tables - Col 3 has width 18%
2026-08-17 21:17:19,322 - DEBUG - xhtml2pdf.tables - Col 4 has width 14%
2026-08-17 21:17:19,322 - DEBUG - xhtml2pdf.tables - Col 0 has width 14%
2026-08-17 21:17:19,322 - DEBUG - xhtml2pdf.tables - Col 1 has width 38%
2026-08-17 21:17:19,322 - DEBUG - xhtml2pdf.tables - Col 2 has width 16%
2026-08-17 21:17:19,322 - DEBUG - xhtml2pdf.tables - Col 3 has width 18%
2026-08-17 21:17:19,322 - DEBUG - xhtml2pdf.tables - Col 4 has width 14%
2026-08-17 21:17:19,322 - DEBUG - xhtml2pdf.tables - Col 0 has width 14%
2026-08-17 21:17:19,322 - DEBUG - xhtml2pdf.tables - Col 1 has width 38%
2026-08-17 21:17:19,322 - DEBUG - xhtml2pdf.tables - Col 2 has width 16%
2026-08-17 21:17:19,322 - DEBUG - xhtml2pdf.tables - Col 3 has width 18%
2026-08-17 21:17:19,322 - DEBUG - xhtml2pdf.tables - Col 4 has width 14%
2026-08-17 21:17:19,322 - DEBUG - xhtml2pdf.tables - Col 0 has width 14%
2026-08-17 21:17:19,334 - DEBUG - xhtml2pdf.tables - Col 1 has width 38%
2026-08-17 21:17:19,334 - DEBUG - xhtml2pdf.tables - Col 2 has width 16%
2026-08-17 21:17:19,334 - DEBUG - xhtml2pdf.tables - Col 3 has width 18%
2026-08-17 21:17:19,334 - DEBUG - xhtml2pdf.tables - Col 4 has width 14%
2026-08-17 21:17:19,334 - DEBUG - xhtml2pdf.tables - Col 0 has width 14%
2026-08-17 21:17:19,334 - DEBUG - xhtml2pdf.tables - Col 1 has width 38%
2026-08-17 21:17:19,334 - DEBUG - xhtml2pdf.tables - Col 2 has width 16%
2026-08-17 21:17:19,334 - DEBUG - xhtml2pdf.tables - Col 3 has width 18%
2026-08-17 21:17:19,334 - DEBUG - xhtml2pdf.tables - Col 4 has width 14%
2026-08-17 21:17:19,334 - DEBUG - xhtml2pdf.tables - Col 0 has width 14%
2026-08-17 21:17:19,334 - DEBUG - xhtml2pdf.tables - Col 1 has width 38%
2026-08-17 21:17:19,334 - DEBUG - xhtml2pdf.tables - Col 2 has width 16%
2026-08-17 21:17:19,334 - DEBUG - xhtml2pdf.tables - Col 3 has width 18%
2026-08-17 21:17:19,334 - DEBUG - xhtml2pdf.tables - Col 4 has width 14%
2026-08-17 21:17:19,334 - DEBUG - xhtml2pdf.tables - Col 0 has width 14%
2026-08-17 21:17:19,334 - DEBUG - xhtml2pdf.tables - Col 1 has width 38%
2026-08-17 21:17:19,334 - DEBUG - xhtml2pdf.tables - Col 2 has width 16%
2026-08-17 21:17:19,334 - DEBUG - xhtml2pdf.tables - Col 3 has width 18%
2026-08-17 21:17:19,334 - DEBUG - xhtml2pdf.tables - Col 4 has width 14%
2026-08-17 21:17:19,334 - DEBUG - xhtml2pdf.tables - Col widths: ['14%', '38%', '16%', '18%', '14%']
2026-08-17 21:17:19,350 - DEBUG - xhtml2pdf.tables - Col 0 has width 48%
2026-08-17 21:17:19,350 - DEBUG - xhtml2pdf.tables - Col 1 has width 18%
2026-08-17 21:17:19,350 - DEBUG - xhtml2pdf.tables - Col 2 has width 19%
2026-08-17 21:17:19,350 - DEBUG - xhtml2pdf.tables - Col 3 has width 15%
2026-08-17 21:17:19,350 - DEBUG - xhtml2pdf.tables - Col 0 has width 48%
2026-08-17 21:17:19,350 - DEBUG - xhtml2pdf.tables - Col 1 has width 18%
2026-08-17 21:17:19,350 - DEBUG - xhtml2pdf.tables - Col 2 has width 19%
2026-08-17 21:17:19,350 - DEBUG - xhtml2pdf.tables - Col 3 has width 15%
2026-08-17 21:17:19,350 - DEBUG - xhtml2pdf.tables - Col 0 has width 48%
2026-08-17 21:17:19,350 - DEBUG - xhtml2pdf.tables - Col 1 has width 18%
2026-08-17 21:17:19,350 - DEBUG - xhtml2pdf.tables - Col 2 has width 19%
2026-08-17 21:17:19,350 - DEBUG - xhtml2pdf.tables - Col 3 has width 15%
2026-08-17 21:17:19,350 - DEBUG - xhtml2pdf.tables - Col widths: ['48%', '18%', '19%', '15%']
2026-08-17 21:18:36,905 - INFO - controle_obras.main - Iniciando aplicacao Controle de Obras
2026-08-17 21:18:36,938 - INFO - controle_obras.main - QApplication criado
2026-08-17 21:18:37,149 - INFO - controle_obras.main - AppContainer criado
2026-08-17 21:18:37,482 - INFO - controle_obras.main - Janela exibida
2026-08-17 21:22:07,172 - INFO - controle_obras.main - Iniciando aplicacao Controle de Obras
2026-08-17 21:22:07,215 - INFO - controle_obras.main - QApplication criado
2026-08-17 21:22:07,316 - INFO - controle_obras.main - AppContainer criado
2026-08-17 21:22:07,807 - INFO - controle_obras.main - Janela exibida
2026-08-17 21:22:10,111 - DEBUG - xhtml2pdf.document - pisaDocument options:
  src = '<!DOCTYPE html>\n<html lang="pt-BR">\n<head>\n    <meta charset="UTF-8">\n    <style>/* ============================================\n   CSS para Relatório PDF - Controle de Obras\n   Motor: xhtml2pdf\n   ============================================ */\n\n@page {\n    size: A4;\n    margin: 1.5cm 1.5cm 2cm 1.5cm;\n}\n\n/* ==================== BASE ==================== */\n\nbody {\n    font-family: Helvetica, Arial, sans-serif;\n    font-size: 10pt;\n    color: #374151;\n    line-height: 1.4;\n}\n\n/* ==================== CABEÇALHO ==================== */\n\n.cabecalho {\n    margin-bottom: 16pt;\n    border-bottom: 2pt solid #9CA3AF;\n    padding-bottom: 10pt;\n    text-align: center;\n}\n\n.cabecalho h1 {\n    font-size: 18pt;\n    color: #374151;\n    margin: 0 0 4pt 0;\n    font-weight: 700;\n    letter-spacing: 0.5pt;\n    text-align: center;\n}\n\n.cabecalho h2 {\n    font-size: 13pt;\n    color: #6B7280;\n    font-weight: 600;\n    margin: 0 0 10pt 0;\n    text-align: center;\n}\n\n/* ==================== INFO OBRA ==================== */\n\n.info-obra {\n    width: 100%;\n    margin: 8pt 0;\n}\n\n.info-obra table {\n    width: 100%;\n    border-collapse: collapse;\n    border: none;\n}\n\n.info-obra td {\n    padding: 2pt 4pt;\n    border: none;\n    vertical-align: top;\n    font-size: 10pt;\n    color: #4B5563;\n    width: 50%;\n}\n\n.info-obra strong {\n    color: #374151;\n}\n\n.emissao {\n    text-align: right;\n    font-size: 9pt;\n    color: #9CA3AF;\n    margin: 8pt 0 0 0;\n    font-style: italic;\n}\n\n/* ==================== SEÇÕES ==================== */\n\n.secao {\n    margin-bottom: 16pt;\n}\n\n.secao h3 {\n    font-size: 12pt;\n    color: #4B5563;\n    margin: 0 0 8pt 0;\n    padding-bottom: 4pt;\n    border-bottom: 1pt solid #E5E7EB;\n    font-weight: 700;\n}\n\n/* ==================== TABELAS ==================== */\n\ntable {\n    width: 100%;\n    border-collapse: collapse;\n    margin: 8pt 0;\n    font-size: 9pt;\n}\n\nthead th {\n    background-color: #6B7280;\n    color: white;\n    padding: 5pt 3pt;\n    text-align: left;\n    font-weight: 600;\n    font-size: 9pt;\n}\n\ntbody td {\n    padding: 4pt 3pt;\n    border-bottom: 1pt solid #E5E7EB;\n    vertical-align: middle;\n}\n\ntbody tr:nth-child(even) td {\n    background-color: #F9FAFB;\n}\n\n.direita {\n    text-align: right;\n}\n\n/* ==================== TABELA RESUMO ==================== */\n\n.tabela-resumo {\n    margin: 10pt 0;\n}\n\n.tabela-resumo thead th {\n    text-align: center;\n    padding: 8pt;\n    font-size: 9pt;\n}\n\n.tabela-resumo tbody td {\n    text-align: center;\n    font-size: 11pt;\n    font-weight: 700;\n    padding: 12pt 8pt;\n    background-color: #F9FAFB;\n}\n\n/* ==================== RODAPÉ ==================== */\n\n.footer-table {\n    width: 100%;\n    border-top: 1pt solid #E5E7EB;\n    padding-top: 6pt;\n    margin-top: 16pt;\n}\n\n.footer-table td {\n    font-size: 8pt;\n    color: #9CA3AF;\n    text-align: center;\n    border: none;\n    padding: 4pt;\n}\n\n/* ==================== UTILITÁRIOS ==================== */\n\n.page-break {\n    page-break-before: always;\n}\n\n.nao-quebrar {\n    page-break-inside: avoid;\n}\n\n/* ==================== ASSINATURA ==================== */\n\n.assinatura {\n    margin-top: 40pt;\n    text-align: center;\n}\n\n.assinatura-texto {\n    font-size: 10pt;\n    color: #374151;\n    margin-bottom: 4pt;\n}\n\n.assinatura-nome {\n    font-size: 11pt;\n    font-weight: 700;\n    color: #374151;\n    margin: 0;\n}\n\n.assinatura-cargo {\n    font-size: 9pt;\n    color: #9CA3AF;\n    margin: 2pt 0 0 0;\n}\n</style>\n</head>\n<body>\n    <!-- CABEÇALHO -->\n    <header class="cabecalho">\n        <h1>RELATÓRIO DA OBRA</h1>\n        <h2>Construção de uma Ponto de 500 m</h2>\n\n        <div class="info-obra">\n            <table>\n                <tr>\n                    <td><strong>Código:</strong> 02</td>\n                    <td><strong>Cliente:</strong> Prefeitura Muncipal de Baldim</td>\n                </tr>\n                <tr>\n                    <td><strong>Local:</strong> Baldim MG</td>\n                    <td><strong>Engenheiro:</strong> Fernado Alves</td>\n                </tr>\n            </table>\n        </div>\n\n        <p class="emissao">Emissão: 17/08/2026</p>\n    </header>\n\n    <!-- RESUMO FINANCEIRO -->\n    <section class="secao">\n        <h3>RESUMO FINANCEIRO</h3>\n        <table class="tabela-resumo">\n            <thead>\n                <tr>\n                    <th>Valor Contratado</th>\n                    <th>Total Aditivos</th>\n                    <th>Total Gasto</th>\n                    <th>Valor Líquido</th>\n                </tr>\n            </thead>\n            <tbody>\n                <tr>\n                    <td>R$ 301.215.230,00</td>\n                    <td>R$ 1.524.300,00</td>\n                    <td>R$ 79.383,50</td>\n                    <td>R$ 302.660.146,50</td>\n                </tr>\n            </tbody>\n        </table>\n    </section>\n\n    <!-- ADITIVOS -->\n    \n    <section class="secao">\n        <h3>ADITIVOS</h3>\n        <table width="100%" repeat="1">\n            <thead>\n                <tr>\n                    <th width="14%">Data</th>\n                    <th width="72%">Descrição</th>\n                    <th width="14%">Valor</th>\n                </tr>\n            </thead>\n            <tbody>\n                \n                <tr>\n                    <td width="14%">17/08/2026</td>\n                    <td width="72%">Aumento</td>\n                    <td width="14%" class="direita">R$ 1.524.300,00</td>\n                </tr>\n                \n            </tbody>\n        </table>\n    </section>\n    \n\n    <!-- LANÇAMENTOS -->\n    \n    <section class="secao">\n        <h3>LANÇAMENTOS</h3>\n        <table width="100%" repeat="1">\n            <thead>\n                <tr>\n                    <th width="13%">Data</th>\n                    <th width="38%">Descrição</th>\n                    <th width="15%">Tipo</th>\n                    <th width="20%">Origem</th>\n                    <th width="14%">Valor</th>\n                </tr>\n            </thead>\n            <tbody>\n                \n                <tr>\n                    <td width="13%">17/08/2026</td>\n                    <td width="38%">Teste de lancamento</td>\n                    <td width="15%"></td>\n                    <td width="20%">Manual</td>\n                    <td width="14%" class="direita">R$ 100,50</td>\n                </tr>\n                \n                <tr>\n                    <td width="13%">17/08/2026</td>\n                    <td width="38%">Ferro</td>\n                    <td width="15%">Material</td>\n                    <td width="20%">Manual</td>\n                    <td width="14%" class="direita">R$ 33,00</td>\n                </tr>\n                \n                <tr>\n                    <td width="13%">10/08/2026</td>\n                    <td width="38%">Combustível</td>\n                    <td width="15%">Outros</td>\n                    <td width="20%">Cupom</td>\n                    <td width="14%" class="direita">R$ 32.550,00</td>\n                </tr>\n                \n                <tr>\n                    <td width="13%">08/08/2026</td>\n                    <td width="38%">Sinalização viária</td>\n                    <td width="15%">Material</td>\n                    <td width="20%">Manual</td>\n                    <td width="14%" class="direita">R$ 2.800,00</td>\n                </tr>\n                \n                <tr>\n                    <td width="13%">07/08/2026</td>\n                    <td width="38%">Tubo de drenagem PVC</td>\n                    <td width="15%">Material</td>\n                    <td width="20%">Nota geral</td>\n                    <td width="14%" class="direita">R$ 3.400,00</td>\n                </tr>\n                \n                <tr>\n                    <td width="13%">05/08/2026</td>\n                    <td width="38%">Operador de máquinas</td>\n                    <td width="15%">Mao de obra</td>\n                    <td width="20%">Manual</td>\n                    <td width="14%" class="direita">R$ 2.000,00</td>\n                </tr>\n                \n                <tr>\n                    <td width="13%">04/08/2026</td>\n                    <td width="38%">Compactação do solo</td>\n                    <td width="15%">Servico</td>\n                    <td width="20%">Manual</td>\n                    <td width="14%" class="direita">R$ 4.500,00</td>\n                </tr>\n                \n                <tr>\n                    <td width="13%">02/08/2026</td>\n                    <td width="38%">Brita para base</td>\n                    <td width="15%">Material</td>\n                    <td width="20%">Manual</td>\n                    <td width="14%" class="direita">R$ 34.000,00</td>\n                </tr>\n                \n            </tbody>\n        </table>\n    </section>\n    \n\n    <!-- ANEXOS -->\n    \n    <section class="secao">\n        <h3>ANEXOS</h3>\n        <table width="100%" repeat="1">\n            <thead>\n                <tr>\n                    <th width="48%">Nome</th>\n                    <th width="18%">Tipo</th>\n                    <th width="19%">Data</th>\n                    <th width="15%">Tamanho</th>\n                </tr>\n            </thead>\n            <tbody>\n                \n                <tr>\n                    <td width="48%">relatorio_projecao_financeira_20260801.pdf</td>\n                    <td width="18%">Documento</td>\n                    <td width="19%">17/08/2026</td>\n                    <td width="15%" class="direita">1.7 KB</td>\n                </tr>\n                \n                <tr>\n                    <td width="48%">Oficio_NB0_108_-_Solicitacao_de_processo_indenizatorio_assinado_assinado.pdf</td>\n                    <td width="18%">Documento</td>\n                    <td width="19%">17/08/2026</td>\n                    <td width="15%" class="direita">160.2 KB</td>\n                </tr>\n                \n            </tbody>\n        </table>\n    </section>\n    \n\n    <!-- ASSINATURA -->\n    <section class="secao assinatura">\n        <p class="assinatura-texto">____________________________________</p>\n        <p class="assinatura-nome">Cassio Reis</p>\n        <p class="assinatura-cargo">Responsável Legal</p>\n    </section>\n</body>\n</html>'
  dest = <_io.BufferedRandom name='C:\\Users\\cassi\\OneDrive\\Documentos\\Controle de Obras\\reports\\obras\\relatorio_obra_02_20260817_212210.pdf'>
  path = ''
  link_callback = None
  xhtml = False
  context_meta = None
2026-08-17 21:22:10,132 - DEBUG - xhtml2pdf.tables - Col 0 has width 50%
2026-08-17 21:22:10,132 - DEBUG - xhtml2pdf.tables - Col 1 has width 50%
2026-08-17 21:22:10,136 - DEBUG - xhtml2pdf.tables - Col 0 has width 50%
2026-08-17 21:22:10,136 - DEBUG - xhtml2pdf.tables - Col 1 has width 50%
2026-08-17 21:22:10,138 - DEBUG - xhtml2pdf.tables - Col widths: ['50%', '50%']
2026-08-17 21:22:10,142 - DEBUG - xhtml2pdf.tables - None
2026-08-17 21:22:10,142 - DEBUG - xhtml2pdf.tables - None
2026-08-17 21:22:10,142 - DEBUG - xhtml2pdf.tables - None
2026-08-17 21:22:10,142 - DEBUG - xhtml2pdf.tables - None
2026-08-17 21:22:10,146 - DEBUG - xhtml2pdf.tables - None
2026-08-17 21:22:10,146 - DEBUG - xhtml2pdf.tables - None
2026-08-17 21:22:10,146 - DEBUG - xhtml2pdf.tables - None
2026-08-17 21:22:10,146 - DEBUG - xhtml2pdf.tables - None
2026-08-17 21:22:10,146 - DEBUG - xhtml2pdf.tables - Col widths: [None, None, None, None]
2026-08-17 21:22:10,150 - DEBUG - xhtml2pdf.tables - Col 0 has width 14%
2026-08-17 21:22:10,150 - DEBUG - xhtml2pdf.tables - Col 1 has width 72%
2026-08-17 21:22:10,150 - DEBUG - xhtml2pdf.tables - Col 2 has width 14%
2026-08-17 21:22:10,152 - DEBUG - xhtml2pdf.tables - Col 0 has width 14%
2026-08-17 21:22:10,154 - DEBUG - xhtml2pdf.tables - Col 1 has width 72%
2026-08-17 21:22:10,154 - DEBUG - xhtml2pdf.tables - Col 2 has width 14%
2026-08-17 21:22:10,154 - DEBUG - xhtml2pdf.tables - Col widths: ['14%', '72%', '14%']
2026-08-17 21:22:10,158 - DEBUG - xhtml2pdf.tables - Col 0 has width 13%
2026-08-17 21:22:10,158 - DEBUG - xhtml2pdf.tables - Col 1 has width 38%
2026-08-17 21:22:10,158 - DEBUG - xhtml2pdf.tables - Col 2 has width 15%
2026-08-17 21:22:10,158 - DEBUG - xhtml2pdf.tables - Col 3 has width 20%
2026-08-17 21:22:10,158 - DEBUG - xhtml2pdf.tables - Col 4 has width 14%
2026-08-17 21:22:10,162 - DEBUG - xhtml2pdf.tables - Col 0 has width 13%
2026-08-17 21:22:10,162 - DEBUG - xhtml2pdf.tables - Col 1 has width 38%
2026-08-17 21:22:10,162 - DEBUG - xhtml2pdf.tables - Col 2 has width 15%
2026-08-17 21:22:10,162 - DEBUG - xhtml2pdf.tables - Col 3 has width 20%
2026-08-17 21:22:10,162 - DEBUG - xhtml2pdf.tables - Col 4 has width 14%
2026-08-17 21:22:10,164 - DEBUG - xhtml2pdf.tables - Col 0 has width 13%
2026-08-17 21:22:10,164 - DEBUG - xhtml2pdf.tables - Col 1 has width 38%
2026-08-17 21:22:10,164 - DEBUG - xhtml2pdf.tables - Col 2 has width 15%
2026-08-17 21:22:10,164 - DEBUG - xhtml2pdf.tables - Col 3 has width 20%
2026-08-17 21:22:10,166 - DEBUG - xhtml2pdf.tables - Col 4 has width 14%
2026-08-17 21:22:10,168 - DEBUG - xhtml2pdf.tables - Col 0 has width 13%
2026-08-17 21:22:10,168 - DEBUG - xhtml2pdf.tables - Col 1 has width 38%
2026-08-17 21:22:10,168 - DEBUG - xhtml2pdf.tables - Col 2 has width 15%
2026-08-17 21:22:10,168 - DEBUG - xhtml2pdf.tables - Col 3 has width 20%
2026-08-17 21:22:10,170 - DEBUG - xhtml2pdf.tables - Col 4 has width 14%
2026-08-17 21:22:10,171 - DEBUG - xhtml2pdf.tables - Col 0 has width 13%
2026-08-17 21:22:10,171 - DEBUG - xhtml2pdf.tables - Col 1 has width 38%
2026-08-17 21:22:10,171 - DEBUG - xhtml2pdf.tables - Col 2 has width 15%
2026-08-17 21:22:10,171 - DEBUG - xhtml2pdf.tables - Col 3 has width 20%
2026-08-17 21:22:10,171 - DEBUG - xhtml2pdf.tables - Col 4 has width 14%
2026-08-17 21:22:10,173 - DEBUG - xhtml2pdf.tables - Col 0 has width 13%
2026-08-17 21:22:10,173 - DEBUG - xhtml2pdf.tables - Col 1 has width 38%
2026-08-17 21:22:10,173 - DEBUG - xhtml2pdf.tables - Col 2 has width 15%
2026-08-17 21:22:10,173 - DEBUG - xhtml2pdf.tables - Col 3 has width 20%
2026-08-17 21:22:10,175 - DEBUG - xhtml2pdf.tables - Col 4 has width 14%
2026-08-17 21:22:10,177 - DEBUG - xhtml2pdf.tables - Col 0 has width 13%
2026-08-17 21:22:10,177 - DEBUG - xhtml2pdf.tables - Col 1 has width 38%
2026-08-17 21:22:10,177 - DEBUG - xhtml2pdf.tables - Col 2 has width 15%
2026-08-17 21:22:10,177 - DEBUG - xhtml2pdf.tables - Col 3 has width 20%
2026-08-17 21:22:10,177 - DEBUG - xhtml2pdf.tables - Col 4 has width 14%
2026-08-17 21:22:10,179 - DEBUG - xhtml2pdf.tables - Col 0 has width 13%
2026-08-17 21:22:10,179 - DEBUG - xhtml2pdf.tables - Col 1 has width 38%
2026-08-17 21:22:10,179 - DEBUG - xhtml2pdf.tables - Col 2 has width 15%
2026-08-17 21:22:10,179 - DEBUG - xhtml2pdf.tables - Col 3 has width 20%
2026-08-17 21:22:10,181 - DEBUG - xhtml2pdf.tables - Col 4 has width 14%
2026-08-17 21:22:10,183 - DEBUG - xhtml2pdf.tables - Col 0 has width 13%
2026-08-17 21:22:10,183 - DEBUG - xhtml2pdf.tables - Col 1 has width 38%
2026-08-17 21:22:10,183 - DEBUG - xhtml2pdf.tables - Col 2 has width 15%
2026-08-17 21:22:10,183 - DEBUG - xhtml2pdf.tables - Col 3 has width 20%
2026-08-17 21:22:10,183 - DEBUG - xhtml2pdf.tables - Col 4 has width 14%
2026-08-17 21:22:10,185 - DEBUG - xhtml2pdf.tables - Col widths: ['13%', '38%', '15%', '20%', '14%']
2026-08-17 21:22:10,189 - DEBUG - xhtml2pdf.tables - Col 0 has width 48%
2026-08-17 21:22:10,189 - DEBUG - xhtml2pdf.tables - Col 1 has width 18%
2026-08-17 21:22:10,189 - DEBUG - xhtml2pdf.tables - Col 2 has width 19%
2026-08-17 21:22:10,189 - DEBUG - xhtml2pdf.tables - Col 3 has width 15%
2026-08-17 21:22:10,191 - DEBUG - xhtml2pdf.tables - Col 0 has width 48%
2026-08-17 21:22:10,191 - DEBUG - xhtml2pdf.tables - Col 1 has width 18%
2026-08-17 21:22:10,191 - DEBUG - xhtml2pdf.tables - Col 2 has width 19%
2026-08-17 21:22:10,193 - DEBUG - xhtml2pdf.tables - Col 3 has width 15%
2026-08-17 21:22:10,195 - DEBUG - xhtml2pdf.tables - Col 0 has width 48%
2026-08-17 21:22:10,195 - DEBUG - xhtml2pdf.tables - Col 1 has width 18%
2026-08-17 21:22:10,195 - DEBUG - xhtml2pdf.tables - Col 2 has width 19%
2026-08-17 21:22:10,195 - DEBUG - xhtml2pdf.tables - Col 3 has width 15%
2026-08-17 21:22:10,195 - DEBUG - xhtml2pdf.tables - Col widths: ['48%', '18%', '19%', '15%']
2026-08-17 21:25:34,153 - INFO - controle_obras.main - Iniciando aplicacao Controle de Obras
2026-08-17 21:25:34,180 - INFO - controle_obras.main - QApplication criado
2026-08-17 21:25:34,293 - INFO - controle_obras.main - AppContainer criado
2026-08-17 21:25:35,001 - INFO - controle_obras.main - Janela exibida
2026-08-17 21:25:37,604 - DEBUG - xhtml2pdf.document - pisaDocument options:
  src = '<!DOCTYPE html>\n<html lang="pt-BR">\n<head>\n    <meta charset="UTF-8">\n    <style>/* ============================================\n   CSS para Relatório PDF - Controle de Obras\n   Motor: xhtml2pdf\n   ============================================ */\n\n@page {\n    size: A4;\n    margin: 1.5cm 1.5cm 2cm 1.5cm;\n}\n\n/* ==================== BASE ==================== */\n\nbody {\n    font-family: Helvetica, Arial, sans-serif;\n    font-size: 10pt;\n    color: #374151;\n    line-height: 1.4;\n}\n\n/* ==================== CABEÇALHO ==================== */\n\n.cabecalho {\n    margin-bottom: 16pt;\n    border-bottom: 2pt solid #9CA3AF;\n    padding-bottom: 10pt;\n    text-align: center;\n}\n\n.cabecalho h1 {\n    font-size: 18pt;\n    color: #374151;\n    margin: 0 0 4pt 0;\n    font-weight: 700;\n    letter-spacing: 0.5pt;\n    text-align: center;\n}\n\n.cabecalho h2 {\n    font-size: 13pt;\n    color: #6B7280;\n    font-weight: 600;\n    margin: 0 0 10pt 0;\n    text-align: center;\n}\n\n/* ==================== INFO OBRA ==================== */\n\n.info-obra {\n    width: 100%;\n    margin: 8pt 0;\n}\n\n.info-obra table {\n    width: 100%;\n    border-collapse: collapse;\n    border: none;\n}\n\n.info-obra td {\n    padding: 2pt 4pt;\n    border: none;\n    vertical-align: top;\n    font-size: 10pt;\n    color: #4B5563;\n    width: 50%;\n}\n\n.info-obra strong {\n    color: #374151;\n}\n\n.emissao {\n    text-align: right;\n    font-size: 9pt;\n    color: #9CA3AF;\n    margin: 8pt 0 0 0;\n    font-style: italic;\n}\n\n/* ==================== SEÇÕES ==================== */\n\n.secao {\n    margin-bottom: 16pt;\n}\n\n.secao h3 {\n    font-size: 12pt;\n    color: #4B5563;\n    margin: 0 0 8pt 0;\n    padding-bottom: 4pt;\n    border-bottom: 1pt solid #E5E7EB;\n    font-weight: 700;\n}\n\n/* ==================== TABELAS ==================== */\n\ntable {\n    width: 100%;\n    border-collapse: collapse;\n    margin: 8pt 0;\n    font-size: 9pt;\n}\n\nthead th {\n    background-color: #6B7280;\n    color: white;\n    padding: 5pt 3pt;\n    text-align: left;\n    font-weight: 600;\n    font-size: 9pt;\n}\n\ntbody td {\n    padding: 4pt 3pt;\n    border-bottom: 1pt solid #E5E7EB;\n    vertical-align: middle;\n}\n\ntbody tr:nth-child(even) td {\n    background-color: #F9FAFB;\n}\n\n.direita {\n    text-align: right;\n}\n\n/* ==================== TABELA RESUMO ==================== */\n\n.tabela-resumo {\n    margin: 10pt 0;\n}\n\n.tabela-resumo thead th {\n    text-align: center;\n    padding: 8pt;\n    font-size: 9pt;\n}\n\n.tabela-resumo tbody td {\n    text-align: center;\n    font-size: 11pt;\n    font-weight: 700;\n    padding: 12pt 8pt;\n    background-color: #F9FAFB;\n}\n\n/* ==================== RODAPÉ ==================== */\n\n.footer-table {\n    width: 100%;\n    border-top: 1pt solid #E5E7EB;\n    padding-top: 6pt;\n    margin-top: 16pt;\n}\n\n.footer-table td {\n    font-size: 8pt;\n    color: #9CA3AF;\n    text-align: center;\n    border: none;\n    padding: 4pt;\n}\n\n/* ==================== UTILITÁRIOS ==================== */\n\n.page-break {\n    page-break-before: always;\n}\n\n.nao-quebrar {\n    page-break-inside: avoid;\n}\n\n/* ==================== ASSINATURA ==================== */\n\n.assinatura {\n    margin-top: 40pt;\n    text-align: center;\n}\n\n.assinatura-texto {\n    font-size: 10pt;\n    color: #374151;\n    margin-bottom: 4pt;\n}\n\n.assinatura-nome {\n    font-size: 11pt;\n    font-weight: 700;\n    color: #374151;\n    margin: 0;\n}\n\n.assinatura-cargo {\n    font-size: 9pt;\n    color: #9CA3AF;\n    margin: 2pt 0 0 0;\n}\n</style>\n</head>\n<body>\n    <!-- CABEÇALHO -->\n    <header class="cabecalho">\n        <h1>RELATÓRIO DA OBRA</h1>\n        <h2>Construção de uma Ponto de 500 m</h2>\n\n        <div class="info-obra">\n            <table>\n                <tr>\n                    <td><strong>Código:</strong> 02</td>\n                    <td><strong>Cliente:</strong> Prefeitura Muncipal de Baldim</td>\n                </tr>\n                <tr>\n                    <td><strong>Local:</strong> Baldim MG</td>\n                    <td><strong>Engenheiro:</strong> Fernado Alves</td>\n                </tr>\n            </table>\n        </div>\n\n        <p class="emissao">Emissão: 17/08/2026</p>\n    </header>\n\n    <!-- RESUMO FINANCEIRO -->\n    <section class="secao">\n        <h3>RESUMO FINANCEIRO</h3>\n        <table class="tabela-resumo">\n            <thead>\n                <tr>\n                    <th>Valor Contratado</th>\n                    <th>Total Aditivos</th>\n                    <th>Total Gasto</th>\n                    <th>Valor Líquido</th>\n                </tr>\n            </thead>\n            <tbody>\n                <tr>\n                    <td>R$ 301.215.230,00</td>\n                    <td>R$ 1.524.300,00</td>\n                    <td>R$ 79.383,50</td>\n                    <td>R$ 302.660.146,50</td>\n                </tr>\n            </tbody>\n        </table>\n    </section>\n\n    <!-- ADITIVOS -->\n    \n    <section class="secao">\n        <h3>ADITIVOS</h3>\n        <table width="100%" repeat="1">\n            <thead>\n                <tr>\n                    <th width="80pt">Data</th>\n                    <th width="300pt">Descrição</th>\n                    <th width="110pt" style="text-align: right;">Valor</th>\n                </tr>\n            </thead>\n            <tbody>\n                \n                <tr>\n                    <td width="80pt" style="vertical-align: middle; padding-left: 5px; padding-right: 5px;">17/08/2026</td>\n                    <td width="300pt" style="vertical-align: middle; padding-left: 5px; padding-right: 5px;">Aumento</td>\n                    <td width="110pt" style="vertical-align: middle; text-align: right; white-space: nowrap; padding-left: 5px; padding-right: 5px;">R$ 1.524.300,00</td>\n                </tr>\n                \n            </tbody>\n        </table>\n    </section>\n    \n\n    <!-- LANÇAMENTOS -->\n    \n    <section class="secao">\n        <h3>LANÇAMENTOS</h3>\n        <table width="100%" repeat="1">\n            <thead>\n                <tr>\n                    <th width="13%">Data</th>\n                    <th width="38%">Descrição</th>\n                    <th width="15%">Tipo</th>\n                    <th width="20%">Origem</th>\n                    <th width="14%">Valor</th>\n                </tr>\n            </thead>\n            <tbody>\n                \n                <tr>\n                    <td width="13%">17/08/2026</td>\n                    <td width="38%">Teste de lancamento</td>\n                    <td width="15%"></td>\n                    <td width="20%">Manual</td>\n                    <td width="14%" class="direita">R$ 100,50</td>\n                </tr>\n                \n                <tr>\n                    <td width="13%">17/08/2026</td>\n                    <td width="38%">Ferro</td>\n                    <td width="15%">Material</td>\n                    <td width="20%">Manual</td>\n                    <td width="14%" class="direita">R$ 33,00</td>\n                </tr>\n                \n                <tr>\n                    <td width="13%">10/08/2026</td>\n                    <td width="38%">Combustível</td>\n                    <td width="15%">Outros</td>\n                    <td width="20%">Cupom</td>\n                    <td width="14%" class="direita">R$ 32.550,00</td>\n                </tr>\n                \n                <tr>\n                    <td width="13%">08/08/2026</td>\n                    <td width="38%">Sinalização viária</td>\n                    <td width="15%">Material</td>\n                    <td width="20%">Manual</td>\n                    <td width="14%" class="direita">R$ 2.800,00</td>\n                </tr>\n                \n                <tr>\n                    <td width="13%">07/08/2026</td>\n                    <td width="38%">Tubo de drenagem PVC</td>\n                    <td width="15%">Material</td>\n                    <td width="20%">Nota geral</td>\n                    <td width="14%" class="direita">R$ 3.400,00</td>\n                </tr>\n                \n                <tr>\n                    <td width="13%">05/08/2026</td>\n                    <td width="38%">Operador de máquinas</td>\n                    <td width="15%">Mao de obra</td>\n                    <td width="20%">Manual</td>\n                    <td width="14%" class="direita">R$ 2.000,00</td>\n                </tr>\n                \n                <tr>\n                    <td width="13%">04/08/2026</td>\n                    <td width="38%">Compactação do solo</td>\n                    <td width="15%">Servico</td>\n                    <td width="20%">Manual</td>\n                    <td width="14%" class="direita">R$ 4.500,00</td>\n                </tr>\n                \n                <tr>\n                    <td width="13%">02/08/2026</td>\n                    <td width="38%">Brita para base</td>\n                    <td width="15%">Material</td>\n                    <td width="20%">Manual</td>\n                    <td width="14%" class="direita">R$ 34.000,00</td>\n                </tr>\n                \n            </tbody>\n        </table>\n    </section>\n    \n\n    <!-- ANEXOS -->\n    \n    <section class="secao">\n        <h3>ANEXOS</h3>\n        <table width="100%" repeat="1" style="-pdf-keep-in-frame-mode: shrink;">\n            <thead>\n                <tr>\n                    <th width="230pt">Nome</th>\n                    <th width="75pt">Tipo</th>\n                    <th width="75pt">Data</th>\n                    <th width="65pt" style="text-align: right;">Tamanho</th>\n                </tr>\n            </thead>\n            <tbody>\n                \n                <tr>\n                    <td width="230pt" style="font-size: 8pt; vertical-align: middle; padding-left: 4pt; padding-right: 4pt;">relatorio_projecao_financeira_20260801.pdf</td>\n                    <td width="75pt" style="font-size: 8pt; vertical-align: middle; padding-left: 4pt; padding-right: 4pt;">Documento</td>\n                    <td width="75pt" style="font-size: 8pt; vertical-align: middle; padding-left: 4pt; padding-right: 4pt;">17/08/2026</td>\n                    <td width="65pt" style="font-size: 8pt; vertical-align: middle; text-align: right; padding-left: 4pt; padding-right: 4pt;">1.7 KB</td>\n                </tr>\n                \n                <tr>\n                    <td width="230pt" style="font-size: 8pt; vertical-align: middle; padding-left: 4pt; padding-right: 4pt;">Oficio_NB0_108_-_Solicitacao_de_processo_indenizatorio_assinado_assinado.pdf</td>\n                    <td width="75pt" style="font-size: 8pt; vertical-align: middle; padding-left: 4pt; padding-right: 4pt;">Documento</td>\n                    <td width="75pt" style="font-size: 8pt; vertical-align: middle; padding-left: 4pt; padding-right: 4pt;">17/08/2026</td>\n                    <td width="65pt" style="font-size: 8pt; vertical-align: middle; text-align: right; padding-left: 4pt; padding-right: 4pt;">160.2 KB</td>\n                </tr>\n                \n            </tbody>\n        </table>\n    </section>\n    \n\n    <!-- ASSINATURA -->\n    <section class="secao" style="margin-top: 20pt;">\n        <table width="100%" style="border: none;">\n            <tr>\n                <td style="border: none; text-align: center;">\n                    <p style="font-size: 10pt; color: #374151; margin-bottom: 4pt;">____________________________________</p>\n                    <p style="font-size: 11pt; font-weight: 700; color: #374151; margin: 0;">Cassio Reis</p>\n                    <p style="font-size: 9pt; color: #9CA3AF; margin: 2pt 0 0 0;">Responsável Legal</p>\n                </td>\n            </tr>\n        </table>\n    </section>\n</body>\n</html>'
  dest = <_io.BufferedRandom name='C:\\Users\\cassi\\OneDrive\\Documentos\\Controle de Obras\\reports\\obras\\relatorio_obra_02_20260817_212537.pdf'>
  path = ''
  link_callback = None
  xhtml = False
  context_meta = None
2026-08-17 21:25:37,636 - DEBUG - xhtml2pdf.tables - Col 0 has width 50%
2026-08-17 21:25:37,636 - DEBUG - xhtml2pdf.tables - Col 1 has width 50%
2026-08-17 21:25:37,636 - DEBUG - xhtml2pdf.tables - Col 0 has width 50%
2026-08-17 21:25:37,636 - DEBUG - xhtml2pdf.tables - Col 1 has width 50%
2026-08-17 21:25:37,636 - DEBUG - xhtml2pdf.tables - Col widths: ['50%', '50%']
2026-08-17 21:25:37,636 - DEBUG - xhtml2pdf.tables - None
2026-08-17 21:25:37,636 - DEBUG - xhtml2pdf.tables - None
2026-08-17 21:25:37,636 - DEBUG - xhtml2pdf.tables - None
2026-08-17 21:25:37,636 - DEBUG - xhtml2pdf.tables - None
2026-08-17 21:25:37,636 - DEBUG - xhtml2pdf.tables - None
2026-08-17 21:25:37,636 - DEBUG - xhtml2pdf.tables - None
2026-08-17 21:25:37,636 - DEBUG - xhtml2pdf.tables - None
2026-08-17 21:25:37,652 - DEBUG - xhtml2pdf.tables - None
2026-08-17 21:25:37,652 - DEBUG - xhtml2pdf.tables - Col widths: [None, None, None, None]
2026-08-17 21:25:37,652 - DEBUG - xhtml2pdf.tables - Col 0 has width 80pt
2026-08-17 21:25:37,652 - DEBUG - xhtml2pdf.tables - Col 1 has width 300pt
2026-08-17 21:25:37,652 - DEBUG - xhtml2pdf.tables - Col 2 has width 110pt
2026-08-17 21:25:37,659 - DEBUG - xhtml2pdf.tables - Col 0 has width 80pt
2026-08-17 21:25:37,659 - DEBUG - xhtml2pdf.tables - Col 1 has width 300pt
2026-08-17 21:25:37,659 - DEBUG - xhtml2pdf.tables - Col 2 has width 110pt
2026-08-17 21:25:37,659 - DEBUG - xhtml2pdf.tables - Col widths: [80.0, 300.0, 110.0]
2026-08-17 21:25:37,659 - DEBUG - xhtml2pdf.tables - Col 0 has width 13%
2026-08-17 21:25:37,659 - DEBUG - xhtml2pdf.tables - Col 1 has width 38%
2026-08-17 21:25:37,659 - DEBUG - xhtml2pdf.tables - Col 2 has width 15%
2026-08-17 21:25:37,659 - DEBUG - xhtml2pdf.tables - Col 3 has width 20%
2026-08-17 21:25:37,659 - DEBUG - xhtml2pdf.tables - Col 4 has width 14%
2026-08-17 21:25:37,674 - DEBUG - xhtml2pdf.tables - Col 0 has width 13%
2026-08-17 21:25:37,674 - DEBUG - xhtml2pdf.tables - Col 1 has width 38%
2026-08-17 21:25:37,674 - DEBUG - xhtml2pdf.tables - Col 2 has width 15%
2026-08-17 21:25:37,674 - DEBUG - xhtml2pdf.tables - Col 3 has width 20%
2026-08-17 21:25:37,674 - DEBUG - xhtml2pdf.tables - Col 4 has width 14%
2026-08-17 21:25:37,674 - DEBUG - xhtml2pdf.tables - Col 0 has width 13%
2026-08-17 21:25:37,674 - DEBUG - xhtml2pdf.tables - Col 1 has width 38%
2026-08-17 21:25:37,674 - DEBUG - xhtml2pdf.tables - Col 2 has width 15%
2026-08-17 21:25:37,674 - DEBUG - xhtml2pdf.tables - Col 3 has width 20%
2026-08-17 21:25:37,674 - DEBUG - xhtml2pdf.tables - Col 4 has width 14%
2026-08-17 21:25:37,674 - DEBUG - xhtml2pdf.tables - Col 0 has width 13%
2026-08-17 21:25:37,674 - DEBUG - xhtml2pdf.tables - Col 1 has width 38%
2026-08-17 21:25:37,674 - DEBUG - xhtml2pdf.tables - Col 2 has width 15%
2026-08-17 21:25:37,674 - DEBUG - xhtml2pdf.tables - Col 3 has width 20%
2026-08-17 21:25:37,674 - DEBUG - xhtml2pdf.tables - Col 4 has width 14%
2026-08-17 21:25:37,684 - DEBUG - xhtml2pdf.tables - Col 0 has width 13%
2026-08-17 21:25:37,684 - DEBUG - xhtml2pdf.tables - Col 1 has width 38%
2026-08-17 21:25:37,684 - DEBUG - xhtml2pdf.tables - Col 2 has width 15%
2026-08-17 21:25:37,684 - DEBUG - xhtml2pdf.tables - Col 3 has width 20%
2026-08-17 21:25:37,684 - DEBUG - xhtml2pdf.tables - Col 4 has width 14%
2026-08-17 21:25:37,684 - DEBUG - xhtml2pdf.tables - Col 0 has width 13%
2026-08-17 21:25:37,684 - DEBUG - xhtml2pdf.tables - Col 1 has width 38%
2026-08-17 21:25:37,684 - DEBUG - xhtml2pdf.tables - Col 2 has width 15%
2026-08-17 21:25:37,684 - DEBUG - xhtml2pdf.tables - Col 3 has width 20%
2026-08-17 21:25:37,684 - DEBUG - xhtml2pdf.tables - Col 4 has width 14%
2026-08-17 21:25:37,684 - DEBUG - xhtml2pdf.tables - Col 0 has width 13%
2026-08-17 21:25:37,684 - DEBUG - xhtml2pdf.tables - Col 1 has width 38%
2026-08-17 21:25:37,684 - DEBUG - xhtml2pdf.tables - Col 2 has width 15%
2026-08-17 21:25:37,684 - DEBUG - xhtml2pdf.tables - Col 3 has width 20%
2026-08-17 21:25:37,684 - DEBUG - xhtml2pdf.tables - Col 4 has width 14%
2026-08-17 21:25:37,684 - DEBUG - xhtml2pdf.tables - Col 0 has width 13%
2026-08-17 21:25:37,684 - DEBUG - xhtml2pdf.tables - Col 1 has width 38%
2026-08-17 21:25:37,684 - DEBUG - xhtml2pdf.tables - Col 2 has width 15%
2026-08-17 21:25:37,684 - DEBUG - xhtml2pdf.tables - Col 3 has width 20%
2026-08-17 21:25:37,684 - DEBUG - xhtml2pdf.tables - Col 4 has width 14%
2026-08-17 21:25:37,684 - DEBUG - xhtml2pdf.tables - Col 0 has width 13%
2026-08-17 21:25:37,684 - DEBUG - xhtml2pdf.tables - Col 1 has width 38%
2026-08-17 21:25:37,684 - DEBUG - xhtml2pdf.tables - Col 2 has width 15%
2026-08-17 21:25:37,684 - DEBUG - xhtml2pdf.tables - Col 3 has width 20%
2026-08-17 21:25:37,684 - DEBUG - xhtml2pdf.tables - Col 4 has width 14%
2026-08-17 21:25:37,684 - DEBUG - xhtml2pdf.tables - Col widths: ['13%', '38%', '15%', '20%', '14%']
2026-08-17 21:25:37,700 - DEBUG - xhtml2pdf.tables - Col 0 has width 230pt
2026-08-17 21:25:37,700 - DEBUG - xhtml2pdf.tables - Col 1 has width 75pt
2026-08-17 21:25:37,700 - DEBUG - xhtml2pdf.tables - Col 2 has width 75pt
2026-08-17 21:25:37,700 - DEBUG - xhtml2pdf.tables - Col 3 has width 65pt
2026-08-17 21:25:37,700 - DEBUG - xhtml2pdf.tables - Col 0 has width 230pt
2026-08-17 21:25:37,700 - DEBUG - xhtml2pdf.tables - Col 1 has width 75pt
2026-08-17 21:25:37,700 - DEBUG - xhtml2pdf.tables - Col 2 has width 75pt
2026-08-17 21:25:37,700 - DEBUG - xhtml2pdf.tables - Col 3 has width 65pt
2026-08-17 21:25:37,700 - DEBUG - xhtml2pdf.tables - Col 0 has width 230pt
2026-08-17 21:25:37,700 - DEBUG - xhtml2pdf.tables - Col 1 has width 75pt
2026-08-17 21:25:37,700 - DEBUG - xhtml2pdf.tables - Col 2 has width 75pt
2026-08-17 21:25:37,700 - DEBUG - xhtml2pdf.tables - Col 3 has width 65pt
2026-08-17 21:25:37,700 - DEBUG - xhtml2pdf.tables - Col widths: [230.0, 75.0, 75.0, 65.0]
2026-08-17 21:25:37,700 - DEBUG - xhtml2pdf.tables - None
2026-08-17 21:25:37,715 - DEBUG - xhtml2pdf.tables - Col widths: [None]
2026-08-17 21:28:48,959 - INFO - controle_obras.main - Iniciando aplicacao Controle de Obras
2026-08-17 21:28:48,977 - INFO - controle_obras.main - QApplication criado
2026-08-17 21:28:49,103 - INFO - controle_obras.main - AppContainer criado
2026-08-17 21:28:49,718 - INFO - controle_obras.main - Janela exibida
2026-08-17 21:28:55,983 - DEBUG - xhtml2pdf.document - pisaDocument options:
  src = '<!DOCTYPE html>\n<html lang="pt-BR">\n<head>\n    <meta charset="UTF-8">\n    <style>/* ============================================\n   CSS para Relatório PDF - Controle de Obras\n   Motor: xhtml2pdf\n   ============================================ */\n\n@page {\n    size: A4;\n    margin: 1.5cm 1.5cm 2cm 1.5cm;\n}\n\n/* ==================== BASE ==================== */\n\nbody {\n    font-family: Helvetica, Arial, sans-serif;\n    font-size: 10pt;\n    color: #000000;\n    line-height: 1.4;\n}\n\n/* ==================== CABEÇALHO ==================== */\n\n.cabecalho {\n    margin-bottom: 16pt;\n    border-bottom: 2pt solid #9CA3AF;\n    padding-bottom: 10pt;\n    text-align: center;\n}\n\n.cabecalho h1 {\n    font-size: 18pt;\n    color: #000000;\n    margin: 0 0 4pt 0;\n    font-weight: 700;\n    letter-spacing: 0.5pt;\n    text-align: center;\n}\n\n.cabecalho h2 {\n    font-size: 13pt;\n    color: #000000;\n    font-weight: 600;\n    margin: 0 0 10pt 0;\n    text-align: center;\n}\n\n/* ==================== INFO OBRA ==================== */\n\n.info-obra {\n    width: 100%;\n    margin: 8pt 0;\n}\n\n.info-obra table {\n    width: 100%;\n    border-collapse: collapse;\n    border: none;\n}\n\n.info-obra td {\n    padding: 2pt 4pt;\n    border: none;\n    vertical-align: top;\n    font-size: 10pt;\n    color: #4B5563;\n    width: 50%;\n}\n\n.info-obra strong {\n    color: #374151;\n}\n\n.emissao {\n    text-align: right;\n    font-size: 9pt;\n    color: #9CA3AF;\n    margin: 8pt 0 0 0;\n    font-style: italic;\n}\n\n/* ==================== SEÇÕES ==================== */\n\n.secao {\n    margin-bottom: 16pt;\n}\n\n.secao h3 {\n    font-size: 12pt;\n    color: #4B5563;\n    margin: 0 0 8pt 0;\n    padding-bottom: 4pt;\n    border-bottom: 1pt solid #E5E7EB;\n    font-weight: 700;\n}\n\n/* ==================== TABELAS ==================== */\n\ntable {\n    width: 100%;\n    border-collapse: collapse;\n    margin: 8pt 0;\n    font-size: 9pt;\n}\n\nthead th {\n    background-color: #6B7280;\n    color: white;\n    padding: 5pt 3pt;\n    text-align: center;\n    font-weight: 600;\n    font-size: 9pt;\n}\n\ntbody td {\n    padding: 4pt 3pt;\n    border-bottom: 1pt solid #E5E7EB;\n    vertical-align: middle;\n}\n\ntbody tr:nth-child(even) td {\n    background-color: #F9FAFB;\n}\n\n.direita {\n    text-align: right;\n}\n\n/* ==================== TABELA RESUMO ==================== */\n\n.tabela-resumo {\n    margin: 10pt 0;\n}\n\n.tabela-resumo thead th {\n    text-align: center;\n    padding: 8pt;\n    font-size: 9pt;\n}\n\n.tabela-resumo tbody td {\n    text-align: center;\n    font-size: 11pt;\n    font-weight: 700;\n    padding: 12pt 8pt;\n    background-color: #F9FAFB;\n}\n\n/* ==================== RODAPÉ ==================== */\n\n.footer-table {\n    width: 100%;\n    border-top: 1pt solid #E5E7EB;\n    padding-top: 6pt;\n    margin-top: 16pt;\n}\n\n.footer-table td {\n    font-size: 8pt;\n    color: #9CA3AF;\n    text-align: center;\n    border: none;\n    padding: 4pt;\n}\n\n/* ==================== UTILITÁRIOS ==================== */\n\n.page-break {\n    page-break-before: always;\n}\n\n.nao-quebrar {\n    page-break-inside: avoid;\n}\n\n/* ==================== ASSINATURA ==================== */\n\n.assinatura {\n    margin-top: 40pt;\n    text-align: center;\n}\n\n.assinatura-texto {\n    font-size: 10pt;\n    color: #374151;\n    margin-bottom: 4pt;\n}\n\n.assinatura-nome {\n    font-size: 11pt;\n    font-weight: 700;\n    color: #374151;\n    margin: 0;\n}\n\n.assinatura-cargo {\n    font-size: 9pt;\n    color: #9CA3AF;\n    margin: 2pt 0 0 0;\n}\n</style>\n</head>\n<body>\n    <!-- CABEÇALHO -->\n    <header class="cabecalho">\n        <h1>RELATÓRIO DA OBRA</h1>\n        <h2>Construção de uma Ponto de 500 m</h2>\n\n        <div class="info-obra">\n            <table>\n                <tr>\n                    <td><strong>Código:</strong> 02</td>\n                    <td><strong>Cliente:</strong> Prefeitura Muncipal de Baldim</td>\n                </tr>\n                <tr>\n                    <td><strong>Local:</strong> Baldim MG</td>\n                    <td><strong>Engenheiro:</strong> Fernado Alves</td>\n                </tr>\n            </table>\n        </div>\n\n        <p class="emissao">Emissão: 17/08/2026</p>\n    </header>\n\n    <!-- RESUMO FINANCEIRO -->\n    <section class="secao">\n        <h3>RESUMO FINANCEIRO</h3>\n        <table class="tabela-resumo">\n            <thead>\n                <tr>\n                    <th>Valor Contratado</th>\n                    <th>Total Aditivos</th>\n                    <th>Total Gasto</th>\n                    <th>Valor Líquido</th>\n                </tr>\n            </thead>\n            <tbody>\n                <tr>\n                    <td>R$ 301.215.230,00</td>\n                    <td>R$ 1.524.300,00</td>\n                    <td>R$ 79.383,50</td>\n                    <td>R$ 302.660.146,50</td>\n                </tr>\n            </tbody>\n        </table>\n    </section>\n\n    <!-- ADITIVOS -->\n    \n    <section class="secao">\n        <h3>ADITIVOS</h3>\n        <table width="100%" repeat="1">\n            <thead>\n                <tr>\n                    <th width="80pt">Data</th>\n                    <th width="300pt">Descrição</th>\n                    <th width="110pt" style="text-align: right;">Valor</th>\n                </tr>\n            </thead>\n            <tbody>\n                \n                <tr>\n                    <td width="80pt" style="vertical-align: middle; padding-left: 5px; padding-right: 5px;">17/08/2026</td>\n                    <td width="300pt" style="vertical-align: middle; padding-left: 5px; padding-right: 5px;">Aumento</td>\n                    <td width="110pt" style="vertical-align: middle; text-align: right; white-space: nowrap; padding-left: 5px; padding-right: 5px;">R$ 1.524.300,00</td>\n                </tr>\n                \n            </tbody>\n        </table>\n    </section>\n    \n\n    <!-- LANÇAMENTOS -->\n    \n    <section class="secao">\n        <h3>LANÇAMENTOS</h3>\n        <table width="100%" repeat="1">\n            <thead>\n                <tr>\n                    <th width="13%">Data</th>\n                    <th width="38%">Descrição</th>\n                    <th width="15%">Tipo</th>\n                    <th width="20%">Origem</th>\n                    <th width="14%">Valor</th>\n                </tr>\n            </thead>\n            <tbody>\n                \n                <tr>\n                    <td width="13%">17/08/2026</td>\n                    <td width="38%">Teste de lancamento</td>\n                    <td width="15%"></td>\n                    <td width="20%">Manual</td>\n                    <td width="14%" class="direita">R$ 100,50</td>\n                </tr>\n                \n                <tr>\n                    <td width="13%">17/08/2026</td>\n                    <td width="38%">Ferro</td>\n                    <td width="15%">Material</td>\n                    <td width="20%">Manual</td>\n                    <td width="14%" class="direita">R$ 33,00</td>\n                </tr>\n                \n                <tr>\n                    <td width="13%">10/08/2026</td>\n                    <td width="38%">Combustível</td>\n                    <td width="15%">Outros</td>\n                    <td width="20%">Cupom</td>\n                    <td width="14%" class="direita">R$ 32.550,00</td>\n                </tr>\n                \n                <tr>\n                    <td width="13%">08/08/2026</td>\n                    <td width="38%">Sinalização viária</td>\n                    <td width="15%">Material</td>\n                    <td width="20%">Manual</td>\n                    <td width="14%" class="direita">R$ 2.800,00</td>\n                </tr>\n                \n                <tr>\n                    <td width="13%">07/08/2026</td>\n                    <td width="38%">Tubo de drenagem PVC</td>\n                    <td width="15%">Material</td>\n                    <td width="20%">Nota geral</td>\n                    <td width="14%" class="direita">R$ 3.400,00</td>\n                </tr>\n                \n                <tr>\n                    <td width="13%">05/08/2026</td>\n                    <td width="38%">Operador de máquinas</td>\n                    <td width="15%">Mao de obra</td>\n                    <td width="20%">Manual</td>\n                    <td width="14%" class="direita">R$ 2.000,00</td>\n                </tr>\n                \n                <tr>\n                    <td width="13%">04/08/2026</td>\n                    <td width="38%">Compactação do solo</td>\n                    <td width="15%">Servico</td>\n                    <td width="20%">Manual</td>\n                    <td width="14%" class="direita">R$ 4.500,00</td>\n                </tr>\n                \n                <tr>\n                    <td width="13%">02/08/2026</td>\n                    <td width="38%">Brita para base</td>\n                    <td width="15%">Material</td>\n                    <td width="20%">Manual</td>\n                    <td width="14%" class="direita">R$ 34.000,00</td>\n                </tr>\n                \n            </tbody>\n        </table>\n    </section>\n    \n\n    <!-- ANEXOS -->\n    \n    <section class="secao">\n        <h3>ANEXOS</h3>\n        <table width="100%" repeat="1" style="-pdf-keep-in-frame-mode: shrink;">\n            <thead>\n                <tr>\n                    <th width="230pt">Nome</th>\n                    <th width="75pt">Tipo</th>\n                    <th width="75pt">Data</th>\n                    <th width="65pt" style="text-align: right;">Tamanho</th>\n                </tr>\n            </thead>\n            <tbody>\n                \n                <tr>\n                    <td width="230pt" style="vertical-align: middle; padding-left: 4pt; padding-right: 4pt;">relatorio_projecao_financeira_20260801.pdf</td>\n                    <td width="75pt" style="vertical-align: middle; padding-left: 4pt; padding-right: 4pt;">Documento</td>\n                    <td width="75pt" style="vertical-align: middle; padding-left: 4pt; padding-right: 4pt;">17/08/2026</td>\n                    <td width="65pt" style="vertical-align: middle; text-align: right; padding-left: 4pt; padding-right: 4pt;">1.7 KB</td>\n                </tr>\n                \n                <tr>\n                    <td width="230pt" style="vertical-align: middle; padding-left: 4pt; padding-right: 4pt;">Oficio_NB0_108_-_Solicitacao_de_processo_indenizatorio_assinado_assinado.pdf</td>\n                    <td width="75pt" style="vertical-align: middle; padding-left: 4pt; padding-right: 4pt;">Documento</td>\n                    <td width="75pt" style="vertical-align: middle; padding-left: 4pt; padding-right: 4pt;">17/08/2026</td>\n                    <td width="65pt" style="vertical-align: middle; text-align: right; padding-left: 4pt; padding-right: 4pt;">160.2 KB</td>\n                </tr>\n                \n            </tbody>\n        </table>\n    </section>\n    \n\n    <!-- ASSINATURA -->\n    <section class="secao" style="margin-top: 20pt;">\n        <table width="100%" style="border: none;">\n            <tr>\n                <td style="border: none; text-align: center;">\n                    <p style="font-size: 10pt; color: #374151; margin-bottom: 4pt;">____________________________________</p>\n                    <p style="font-size: 11pt; font-weight: 700; color: #374151; margin: 0;">Cassio Reis</p>\n                    <p style="font-size: 9pt; color: #9CA3AF; margin: 2pt 0 0 0;">Responsável Legal</p>\n                </td>\n            </tr>\n        </table>\n    </section>\n</body>\n</html>'
  dest = <_io.BufferedRandom name='C:\\Users\\cassi\\OneDrive\\Documentos\\Controle de Obras\\reports\\obras\\relatorio_obra_02_20260817_212855.pdf'>
  path = ''
  link_callback = None
  xhtml = False
  context_meta = None
2026-08-17 21:28:55,999 - DEBUG - xhtml2pdf.tables - Col 0 has width 50%
2026-08-17 21:28:56,015 - DEBUG - xhtml2pdf.tables - Col 1 has width 50%
2026-08-17 21:28:56,015 - DEBUG - xhtml2pdf.tables - Col 0 has width 50%
2026-08-17 21:28:56,015 - DEBUG - xhtml2pdf.tables - Col 1 has width 50%
2026-08-17 21:28:56,015 - DEBUG - xhtml2pdf.tables - Col widths: ['50%', '50%']
2026-08-17 21:28:56,015 - DEBUG - xhtml2pdf.tables - None
2026-08-17 21:28:56,015 - DEBUG - xhtml2pdf.tables - None
2026-08-17 21:28:56,015 - DEBUG - xhtml2pdf.tables - None
2026-08-17 21:28:56,015 - DEBUG - xhtml2pdf.tables - None
2026-08-17 21:28:56,015 - DEBUG - xhtml2pdf.tables - None
2026-08-17 21:28:56,015 - DEBUG - xhtml2pdf.tables - None
2026-08-17 21:28:56,015 - DEBUG - xhtml2pdf.tables - None
2026-08-17 21:28:56,015 - DEBUG - xhtml2pdf.tables - None
2026-08-17 21:28:56,015 - DEBUG - xhtml2pdf.tables - Col widths: [None, None, None, None]
2026-08-17 21:28:56,031 - DEBUG - xhtml2pdf.tables - Col 0 has width 80pt
2026-08-17 21:28:56,031 - DEBUG - xhtml2pdf.tables - Col 1 has width 300pt
2026-08-17 21:28:56,031 - DEBUG - xhtml2pdf.tables - Col 2 has width 110pt
2026-08-17 21:28:56,031 - DEBUG - xhtml2pdf.tables - Col 0 has width 80pt
2026-08-17 21:28:56,031 - DEBUG - xhtml2pdf.tables - Col 1 has width 300pt
2026-08-17 21:28:56,031 - DEBUG - xhtml2pdf.tables - Col 2 has width 110pt
2026-08-17 21:28:56,031 - DEBUG - xhtml2pdf.tables - Col widths: [80.0, 300.0, 110.0]
2026-08-17 21:28:56,031 - DEBUG - xhtml2pdf.tables - Col 0 has width 13%
2026-08-17 21:28:56,031 - DEBUG - xhtml2pdf.tables - Col 1 has width 38%
2026-08-17 21:28:56,031 - DEBUG - xhtml2pdf.tables - Col 2 has width 15%
2026-08-17 21:28:56,031 - DEBUG - xhtml2pdf.tables - Col 3 has width 20%
2026-08-17 21:28:56,031 - DEBUG - xhtml2pdf.tables - Col 4 has width 14%
2026-08-17 21:28:56,031 - DEBUG - xhtml2pdf.tables - Col 0 has width 13%
2026-08-17 21:28:56,031 - DEBUG - xhtml2pdf.tables - Col 1 has width 38%
2026-08-17 21:28:56,031 - DEBUG - xhtml2pdf.tables - Col 2 has width 15%
2026-08-17 21:28:56,031 - DEBUG - xhtml2pdf.tables - Col 3 has width 20%
2026-08-17 21:28:56,031 - DEBUG - xhtml2pdf.tables - Col 4 has width 14%
2026-08-17 21:28:56,047 - DEBUG - xhtml2pdf.tables - Col 0 has width 13%
2026-08-17 21:28:56,047 - DEBUG - xhtml2pdf.tables - Col 1 has width 38%
2026-08-17 21:28:56,047 - DEBUG - xhtml2pdf.tables - Col 2 has width 15%
2026-08-17 21:28:56,047 - DEBUG - xhtml2pdf.tables - Col 3 has width 20%
2026-08-17 21:28:56,047 - DEBUG - xhtml2pdf.tables - Col 4 has width 14%
2026-08-17 21:28:56,050 - DEBUG - xhtml2pdf.tables - Col 0 has width 13%
2026-08-17 21:28:56,050 - DEBUG - xhtml2pdf.tables - Col 1 has width 38%
2026-08-17 21:28:56,050 - DEBUG - xhtml2pdf.tables - Col 2 has width 15%
2026-08-17 21:28:56,050 - DEBUG - xhtml2pdf.tables - Col 3 has width 20%
2026-08-17 21:28:56,050 - DEBUG - xhtml2pdf.tables - Col 4 has width 14%
2026-08-17 21:28:56,050 - DEBUG - xhtml2pdf.tables - Col 0 has width 13%
2026-08-17 21:28:56,050 - DEBUG - xhtml2pdf.tables - Col 1 has width 38%
2026-08-17 21:28:56,050 - DEBUG - xhtml2pdf.tables - Col 2 has width 15%
2026-08-17 21:28:56,050 - DEBUG - xhtml2pdf.tables - Col 3 has width 20%
2026-08-17 21:28:56,050 - DEBUG - xhtml2pdf.tables - Col 4 has width 14%
2026-08-17 21:28:56,050 - DEBUG - xhtml2pdf.tables - Col 0 has width 13%
2026-08-17 21:28:56,050 - DEBUG - xhtml2pdf.tables - Col 1 has width 38%
2026-08-17 21:28:56,050 - DEBUG - xhtml2pdf.tables - Col 2 has width 15%
2026-08-17 21:28:56,050 - DEBUG - xhtml2pdf.tables - Col 3 has width 20%
2026-08-17 21:28:56,050 - DEBUG - xhtml2pdf.tables - Col 4 has width 14%
2026-08-17 21:28:56,050 - DEBUG - xhtml2pdf.tables - Col 0 has width 13%
2026-08-17 21:28:56,050 - DEBUG - xhtml2pdf.tables - Col 1 has width 38%
2026-08-17 21:28:56,050 - DEBUG - xhtml2pdf.tables - Col 2 has width 15%
2026-08-17 21:28:56,050 - DEBUG - xhtml2pdf.tables - Col 3 has width 20%
2026-08-17 21:28:56,050 - DEBUG - xhtml2pdf.tables - Col 4 has width 14%
2026-08-17 21:28:56,062 - DEBUG - xhtml2pdf.tables - Col 0 has width 13%
2026-08-17 21:28:56,062 - DEBUG - xhtml2pdf.tables - Col 1 has width 38%
2026-08-17 21:28:56,062 - DEBUG - xhtml2pdf.tables - Col 2 has width 15%
2026-08-17 21:28:56,062 - DEBUG - xhtml2pdf.tables - Col 3 has width 20%
2026-08-17 21:28:56,062 - DEBUG - xhtml2pdf.tables - Col 4 has width 14%
2026-08-17 21:28:56,062 - DEBUG - xhtml2pdf.tables - Col 0 has width 13%
2026-08-17 21:28:56,062 - DEBUG - xhtml2pdf.tables - Col 1 has width 38%
2026-08-17 21:28:56,062 - DEBUG - xhtml2pdf.tables - Col 2 has width 15%
2026-08-17 21:28:56,062 - DEBUG - xhtml2pdf.tables - Col 3 has width 20%
2026-08-17 21:28:56,062 - DEBUG - xhtml2pdf.tables - Col 4 has width 14%
2026-08-17 21:28:56,062 - DEBUG - xhtml2pdf.tables - Col widths: ['13%', '38%', '15%', '20%', '14%']
2026-08-17 21:28:56,062 - DEBUG - xhtml2pdf.tables - Col 0 has width 230pt
2026-08-17 21:28:56,062 - DEBUG - xhtml2pdf.tables - Col 1 has width 75pt
2026-08-17 21:28:56,062 - DEBUG - xhtml2pdf.tables - Col 2 has width 75pt
2026-08-17 21:28:56,062 - DEBUG - xhtml2pdf.tables - Col 3 has width 65pt
2026-08-17 21:28:56,062 - DEBUG - xhtml2pdf.tables - Col 0 has width 230pt
2026-08-17 21:28:56,062 - DEBUG - xhtml2pdf.tables - Col 1 has width 75pt
2026-08-17 21:28:56,062 - DEBUG - xhtml2pdf.tables - Col 2 has width 75pt
2026-08-17 21:28:56,062 - DEBUG - xhtml2pdf.tables - Col 3 has width 65pt
2026-08-17 21:28:56,078 - DEBUG - xhtml2pdf.tables - Col 0 has width 230pt
2026-08-17 21:28:56,078 - DEBUG - xhtml2pdf.tables - Col 1 has width 75pt
2026-08-17 21:28:56,078 - DEBUG - xhtml2pdf.tables - Col 2 has width 75pt
2026-08-17 21:28:56,078 - DEBUG - xhtml2pdf.tables - Col 3 has width 65pt
2026-08-17 21:28:56,078 - DEBUG - xhtml2pdf.tables - Col widths: [230.0, 75.0, 75.0, 65.0]
2026-08-17 21:28:56,078 - DEBUG - xhtml2pdf.tables - None
2026-08-17 21:28:56,078 - DEBUG - xhtml2pdf.tables - Col widths: [None]
2026-08-17 21:35:03,354 - INFO - controle_obras.main - Iniciando aplicacao Controle de Obras
2026-08-17 21:35:03,376 - INFO - controle_obras.main - QApplication criado
2026-08-17 21:35:03,505 - INFO - controle_obras.main - AppContainer criado
2026-08-17 21:35:04,113 - INFO - controle_obras.main - Janela exibida
2026-08-17 21:35:07,177 - DEBUG - xhtml2pdf.document - pisaDocument options:
  src = '<!DOCTYPE html>\n<html lang="pt-BR">\n<head>\n    <meta charset="UTF-8">\n    <style>/* ============================================\n   CSS para Relatório PDF - Controle de Obras\n   Motor: xhtml2pdf\n   ============================================ */\n\n@page {\n    size: A4;\n    margin: 1.5cm 1.5cm 2cm 1.5cm;\n}\n\n/* ==================== BASE ==================== */\n\nbody {\n    font-family: Helvetica, Arial, sans-serif;\n    font-size: 10pt;\n    color: #000000;\n    line-height: 1.4;\n}\n\n/* ==================== CABEÇALHO ==================== */\n\n.cabecalho {\n    margin-bottom: 16pt;\n    border-bottom: 2pt solid #9CA3AF;\n    padding-bottom: 10pt;\n    text-align: center;\n}\n\n.cabecalho h1 {\n    font-size: 18pt;\n    color: #000000;\n    margin: 0 0 4pt 0;\n    font-weight: 700;\n    letter-spacing: 0.5pt;\n    text-align: center;\n}\n\n.cabecalho h2 {\n    font-size: 13pt;\n    color: #000000;\n    font-weight: 600;\n    margin: 0 0 10pt 0;\n    text-align: center;\n}\n\n/* ==================== INFO OBRA ==================== */\n\n.info-obra {\n    width: 100%;\n    margin: 8pt 0;\n}\n\n.info-obra table {\n    width: 100%;\n    border-collapse: collapse;\n    border: none;\n}\n\n.info-obra td {\n    padding: 2pt 4pt;\n    border: none;\n    vertical-align: top;\n    font-size: 10pt;\n    color: #4B5563;\n    width: 50%;\n}\n\n.info-obra strong {\n    color: #374151;\n}\n\n.emissao {\n    text-align: right;\n    font-size: 9pt;\n    color: #9CA3AF;\n    margin: 8pt 0 0 0;\n    font-style: italic;\n}\n\n/* ==================== SEÇÕES ==================== */\n\n.secao {\n    margin-bottom: 16pt;\n}\n\n.secao h3 {\n    font-size: 12pt;\n    color: #4B5563;\n    margin: 0 0 8pt 0;\n    padding-bottom: 4pt;\n    border-bottom: 1pt solid #E5E7EB;\n    font-weight: 700;\n}\n\n/* ==================== TABELAS ==================== */\n\ntable {\n    width: 100%;\n    border-collapse: collapse;\n    margin: 8pt 0;\n    font-size: 9pt;\n}\n\nthead th {\n    background-color: #6B7280;\n    color: white;\n    padding: 5pt 3pt;\n    text-align: center;\n    font-weight: 600;\n    font-size: 9pt;\n}\n\ntbody td {\n    padding: 4pt 3pt;\n    border-bottom: 1pt solid #E5E7EB;\n    vertical-align: middle;\n}\n\ntbody tr:nth-child(even) td {\n    background-color: #F9FAFB;\n}\n\n.direita {\n    text-align: right;\n}\n\n/* ==================== TABELA RESUMO ==================== */\n\n.tabela-resumo {\n    margin: 10pt 0;\n}\n\n.tabela-resumo thead th {\n    text-align: center;\n    padding: 8pt;\n    font-size: 9pt;\n}\n\n.tabela-resumo tbody td {\n    text-align: center;\n    font-size: 11pt;\n    font-weight: 700;\n    padding: 12pt 8pt;\n    background-color: #F9FAFB;\n}\n\n/* ==================== TABELA ANEXOS ==================== */\n\n.tabela-anexos {\n    width: 100%;\n    font-size: 9pt;\n    -pdf-keep-in-frame-mode: shrink;\n}\n\n.tabela-anexos th,\n.tabela-anexos td {\n    padding: 6pt;\n    vertical-align: middle;\n}\n\n.tabela-anexos .nome {\n    font-size: 8pt;\n}\n\n.footer-table {\n    width: 100%;\n    border-top: 1pt solid #E5E7EB;\n    padding-top: 6pt;\n    margin-top: 16pt;\n}\n\n.footer-table td {\n    font-size: 8pt;\n    color: #9CA3AF;\n    text-align: center;\n    border: none;\n    padding: 4pt;\n}\n\n/* ==================== UTILITÁRIOS ==================== */\n\n.page-break {\n    page-break-before: always;\n}\n\n.nao-quebrar {\n    page-break-inside: avoid;\n}\n\n/* ==================== ASSINATURA ==================== */\n\n.assinatura {\n    margin-top: 40pt;\n    text-align: center;\n}\n\n.assinatura-texto {\n    font-size: 10pt;\n    color: #374151;\n    margin-bottom: 4pt;\n}\n\n.assinatura-nome {\n    font-size: 11pt;\n    font-weight: 700;\n    color: #374151;\n    margin: 0;\n}\n\n.assinatura-cargo {\n    font-size: 9pt;\n    color: #9CA3AF;\n    margin: 2pt 0 0 0;\n}\n</style>\n</head>\n<body>\n    <!-- CABEÇALHO -->\n    <header class="cabecalho">\n        <h1>RELATÓRIO DA OBRA</h1>\n        <h2>Construção de uma Ponto de 500 m</h2>\n\n        <div class="info-obra">\n            <table>\n                <tr>\n                    <td><strong>Código:</strong> 02</td>\n                    <td><strong>Cliente:</strong> Prefeitura Muncipal de Baldim</td>\n                </tr>\n                <tr>\n                    <td><strong>Local:</strong> Baldim MG</td>\n                    <td><strong>Engenheiro:</strong> Fernado Alves</td>\n                </tr>\n            </table>\n        </div>\n\n        <p class="emissao">Emissão: 17/08/2026</p>\n    </header>\n\n    <!-- RESUMO FINANCEIRO -->\n    <section class="secao">\n        <h3>RESUMO FINANCEIRO</h3>\n        <table class="tabela-resumo">\n            <thead>\n                <tr>\n                    <th>Valor Contratado</th>\n                    <th>Total Aditivos</th>\n                    <th>Total Gasto</th>\n                    <th>Valor Líquido</th>\n                </tr>\n            </thead>\n            <tbody>\n                <tr>\n                    <td>R$ 301.215.230,00</td>\n                    <td>R$ 1.524.300,00</td>\n                    <td>R$ 79.383,50</td>\n                    <td>R$ 302.660.146,50</td>\n                </tr>\n            </tbody>\n        </table>\n    </section>\n\n    <!-- ADITIVOS -->\n    \n    <section class="secao">\n        <h3>ADITIVOS</h3>\n        <table width="100%" repeat="1">\n            <thead>\n                <tr>\n                    <th width="80pt" style="text-align: center;">Data</th>\n                    <th width="300pt" style="text-align: center;">Descrição</th>\n                    <th width="110pt" style="text-align: center;">Valor</th>\n                </tr>\n            </thead>\n            <tbody>\n                \n                <tr>\n                    <td width="80pt" style="text-align: left; vertical-align: middle; padding: 4px;">17/08/2026</td>\n                    <td width="300pt" style="text-align: left; vertical-align: middle; padding: 4px;">Aumento</td>\n                    <td width="110pt" style="text-align: right; white-space: nowrap; vertical-align: middle; padding: 4px;">R$ 1.524.300,00</td>\n                </tr>\n                \n            </tbody>\n        </table>\n    </section>\n    \n\n    <!-- LANÇAMENTOS -->\n    \n    <section class="secao">\n        <h3>LANÇAMENTOS</h3>\n        <table width="100%" repeat="1">\n            <thead>\n                <tr>\n                    <th width="80pt" style="text-align: center;">Data</th>\n                    <th width="285pt" style="text-align: center;">Descrição</th>\n                    <th width="100pt" style="text-align: center;">Tipo</th>\n                    <th width="105pt" style="text-align: center;">Valor</th>\n                </tr>\n            </thead>\n            <tbody>\n                \n                <tr>\n                    <td width="80pt" style="text-align: left; vertical-align: middle; padding: 4pt;">17/08/2026</td>\n                    <td width="285pt" style="text-align: left; vertical-align: middle; padding: 4pt;">Teste de lancamento</td>\n                    <td width="100pt" style="text-align: left; vertical-align: middle; padding: 4pt;"></td>\n                    <td width="105pt" style="text-align: right; white-space: nowrap; vertical-align: middle; padding: 4pt;">R$ 100,50</td>\n                </tr>\n                \n                <tr>\n                    <td width="80pt" style="text-align: left; vertical-align: middle; padding: 4pt;">17/08/2026</td>\n                    <td width="285pt" style="text-align: left; vertical-align: middle; padding: 4pt;">Ferro</td>\n                    <td width="100pt" style="text-align: left; vertical-align: middle; padding: 4pt;">Material</td>\n                    <td width="105pt" style="text-align: right; white-space: nowrap; vertical-align: middle; padding: 4pt;">R$ 33,00</td>\n                </tr>\n                \n                <tr>\n                    <td width="80pt" style="text-align: left; vertical-align: middle; padding: 4pt;">10/08/2026</td>\n                    <td width="285pt" style="text-align: left; vertical-align: middle; padding: 4pt;">Combustível</td>\n                    <td width="100pt" style="text-align: left; vertical-align: middle; padding: 4pt;">Outros</td>\n                    <td width="105pt" style="text-align: right; white-space: nowrap; vertical-align: middle; padding: 4pt;">R$ 32.550,00</td>\n                </tr>\n                \n                <tr>\n                    <td width="80pt" style="text-align: left; vertical-align: middle; padding: 4pt;">08/08/2026</td>\n                    <td width="285pt" style="text-align: left; vertical-align: middle; padding: 4pt;">Sinalização viária</td>\n                    <td width="100pt" style="text-align: left; vertical-align: middle; padding: 4pt;">Material</td>\n                    <td width="105pt" style="text-align: right; white-space: nowrap; vertical-align: middle; padding: 4pt;">R$ 2.800,00</td>\n                </tr>\n                \n                <tr>\n                    <td width="80pt" style="text-align: left; vertical-align: middle; padding: 4pt;">07/08/2026</td>\n                    <td width="285pt" style="text-align: left; vertical-align: middle; padding: 4pt;">Tubo de drenagem PVC</td>\n                    <td width="100pt" style="text-align: left; vertical-align: middle; padding: 4pt;">Material</td>\n                    <td width="105pt" style="text-align: right; white-space: nowrap; vertical-align: middle; padding: 4pt;">R$ 3.400,00</td>\n                </tr>\n                \n                <tr>\n                    <td width="80pt" style="text-align: left; vertical-align: middle; padding: 4pt;">05/08/2026</td>\n                    <td width="285pt" style="text-align: left; vertical-align: middle; padding: 4pt;">Operador de máquinas</td>\n                    <td width="100pt" style="text-align: left; vertical-align: middle; padding: 4pt;">Mao de obra</td>\n                    <td width="105pt" style="text-align: right; white-space: nowrap; vertical-align: middle; padding: 4pt;">R$ 2.000,00</td>\n                </tr>\n                \n                <tr>\n                    <td width="80pt" style="text-align: left; vertical-align: middle; padding: 4pt;">04/08/2026</td>\n                    <td width="285pt" style="text-align: left; vertical-align: middle; padding: 4pt;">Compactação do solo</td>\n                    <td width="100pt" style="text-align: left; vertical-align: middle; padding: 4pt;">Servico</td>\n                    <td width="105pt" style="text-align: right; white-space: nowrap; vertical-align: middle; padding: 4pt;">R$ 4.500,00</td>\n                </tr>\n                \n                <tr>\n                    <td width="80pt" style="text-align: left; vertical-align: middle; padding: 4pt;">02/08/2026</td>\n                    <td width="285pt" style="text-align: left; vertical-align: middle; padding: 4pt;">Brita para base</td>\n                    <td width="100pt" style="text-align: left; vertical-align: middle; padding: 4pt;">Material</td>\n                    <td width="105pt" style="text-align: right; white-space: nowrap; vertical-align: middle; padding: 4pt;">R$ 34.000,00</td>\n                </tr>\n                \n            </tbody>\n        </table>\n    </section>\n    \n\n    <!-- ANEXOS -->\n    \n    <section class="secao">\n        <h3>ANEXOS</h3>\n        <table class="tabela-anexos" width="100%" repeat="1">\n            <thead>\n                <tr>\n                    <th width="50%">Nome</th>\n                    <th width="17%">Tipo</th>\n                    <th width="17%">Data</th>\n                    <th width="16%" style="text-align: right;">Tamanho</th>\n                </tr>\n            </thead>\n            <tbody>\n                \n                <tr>\n                    <td width="50%" class="nome">relatorio_projecao_financeira_20260801.pdf</td>\n                    <td width="17%">Documento</td>\n                    <td width="17%">17/08/2026</td>\n                    <td width="16%" style="text-align: right;">1.7 KB</td>\n                </tr>\n                \n                <tr>\n                    <td width="50%" class="nome">Oficio_NB0_108_-_Solicitacao_de_processo_indenizatorio_assinado_assinado.pdf</td>\n                    <td width="17%">Documento</td>\n                    <td width="17%">17/08/2026</td>\n                    <td width="16%" style="text-align: right;">160.2 KB</td>\n                </tr>\n                \n            </tbody>\n        </table>\n    </section>\n    \n\n    <!-- ASSINATURA -->\n    <section class="secao" style="margin-top: 20pt;">\n        <table width="100%" style="border: none;">\n            <tr>\n                <td style="border: none; text-align: center;">\n                    <p style="font-size: 10pt; color: #000000; margin-bottom: 4pt;">____________________________________</p>\n                    <p style="font-size: 11pt; font-weight: 700; color: #000000; margin: 0;">Cassio Reis</p>\n                    <p style="font-size: 9pt; color: #6B7280; margin: 2pt 0 0 0;">Responsável Legal</p>\n                    \n                    <p style="font-size: 8pt; color: #6B7280; margin: 2pt 0 0 0;">CNPJ: 115322152000136</p>\n                    \n                </td>\n            </tr>\n        </table>\n    </section>\n</body>\n</html>'
  dest = <_io.BufferedRandom name='C:\\Users\\cassi\\OneDrive\\Documentos\\Controle de Obras\\reports\\obras\\relatorio_obra_02_20260817_213507.pdf'>
  path = ''
  link_callback = None
  xhtml = False
  context_meta = None
2026-08-17 21:35:07,204 - DEBUG - xhtml2pdf.tables - Col 0 has width 50%
2026-08-17 21:35:07,204 - DEBUG - xhtml2pdf.tables - Col 1 has width 50%
2026-08-17 21:35:07,204 - DEBUG - xhtml2pdf.tables - Col 0 has width 50%
2026-08-17 21:35:07,204 - DEBUG - xhtml2pdf.tables - Col 1 has width 50%
2026-08-17 21:35:07,204 - DEBUG - xhtml2pdf.tables - Col widths: ['50%', '50%']
2026-08-17 21:35:07,211 - DEBUG - xhtml2pdf.tables - None
2026-08-17 21:35:07,211 - DEBUG - xhtml2pdf.tables - None
2026-08-17 21:35:07,211 - DEBUG - xhtml2pdf.tables - None
2026-08-17 21:35:07,211 - DEBUG - xhtml2pdf.tables - None
2026-08-17 21:35:07,211 - DEBUG - xhtml2pdf.tables - None
2026-08-17 21:35:07,211 - DEBUG - xhtml2pdf.tables - None
2026-08-17 21:35:07,211 - DEBUG - xhtml2pdf.tables - None
2026-08-17 21:35:07,211 - DEBUG - xhtml2pdf.tables - None
2026-08-17 21:35:07,211 - DEBUG - xhtml2pdf.tables - Col widths: [None, None, None, None]
2026-08-17 21:35:07,211 - DEBUG - xhtml2pdf.tables - Col 0 has width 80pt
2026-08-17 21:35:07,211 - DEBUG - xhtml2pdf.tables - Col 1 has width 300pt
2026-08-17 21:35:07,211 - DEBUG - xhtml2pdf.tables - Col 2 has width 110pt
2026-08-17 21:35:07,211 - DEBUG - xhtml2pdf.tables - Col 0 has width 80pt
2026-08-17 21:35:07,211 - DEBUG - xhtml2pdf.tables - Col 1 has width 300pt
2026-08-17 21:35:07,227 - DEBUG - xhtml2pdf.tables - Col 2 has width 110pt
2026-08-17 21:35:07,227 - DEBUG - xhtml2pdf.tables - Col widths: [80.0, 300.0, 110.0]
2026-08-17 21:35:07,235 - DEBUG - xhtml2pdf.tables - Col 0 has width 80pt
2026-08-17 21:35:07,235 - DEBUG - xhtml2pdf.tables - Col 1 has width 285pt
2026-08-17 21:35:07,235 - DEBUG - xhtml2pdf.tables - Col 2 has width 100pt
2026-08-17 21:35:07,235 - DEBUG - xhtml2pdf.tables - Col 3 has width 105pt
2026-08-17 21:35:07,235 - DEBUG - xhtml2pdf.tables - Col 0 has width 80pt
2026-08-17 21:35:07,235 - DEBUG - xhtml2pdf.tables - Col 1 has width 285pt
2026-08-17 21:35:07,235 - DEBUG - xhtml2pdf.tables - Col 2 has width 100pt
2026-08-17 21:35:07,242 - DEBUG - xhtml2pdf.tables - Col 3 has width 105pt
2026-08-17 21:35:07,245 - DEBUG - xhtml2pdf.tables - Col 0 has width 80pt
2026-08-17 21:35:07,245 - DEBUG - xhtml2pdf.tables - Col 1 has width 285pt
2026-08-17 21:35:07,245 - DEBUG - xhtml2pdf.tables - Col 2 has width 100pt
2026-08-17 21:35:07,247 - DEBUG - xhtml2pdf.tables - Col 3 has width 105pt
2026-08-17 21:35:07,247 - DEBUG - xhtml2pdf.tables - Col 0 has width 80pt
2026-08-17 21:35:07,247 - DEBUG - xhtml2pdf.tables - Col 1 has width 285pt
2026-08-17 21:35:07,247 - DEBUG - xhtml2pdf.tables - Col 2 has width 100pt
2026-08-17 21:35:07,247 - DEBUG - xhtml2pdf.tables - Col 3 has width 105pt
2026-08-17 21:35:07,247 - DEBUG - xhtml2pdf.tables - Col 0 has width 80pt
2026-08-17 21:35:07,247 - DEBUG - xhtml2pdf.tables - Col 1 has width 285pt
2026-08-17 21:35:07,247 - DEBUG - xhtml2pdf.tables - Col 2 has width 100pt
2026-08-17 21:35:07,247 - DEBUG - xhtml2pdf.tables - Col 3 has width 105pt
2026-08-17 21:35:07,258 - DEBUG - xhtml2pdf.tables - Col 0 has width 80pt
2026-08-17 21:35:07,258 - DEBUG - xhtml2pdf.tables - Col 1 has width 285pt
2026-08-17 21:35:07,258 - DEBUG - xhtml2pdf.tables - Col 2 has width 100pt
2026-08-17 21:35:07,258 - DEBUG - xhtml2pdf.tables - Col 3 has width 105pt
2026-08-17 21:35:07,258 - DEBUG - xhtml2pdf.tables - Col 0 has width 80pt
2026-08-17 21:35:07,258 - DEBUG - xhtml2pdf.tables - Col 1 has width 285pt
2026-08-17 21:35:07,258 - DEBUG - xhtml2pdf.tables - Col 2 has width 100pt
2026-08-17 21:35:07,258 - DEBUG - xhtml2pdf.tables - Col 3 has width 105pt
2026-08-17 21:35:07,258 - DEBUG - xhtml2pdf.tables - Col 0 has width 80pt
2026-08-17 21:35:07,258 - DEBUG - xhtml2pdf.tables - Col 1 has width 285pt
2026-08-17 21:35:07,258 - DEBUG - xhtml2pdf.tables - Col 2 has width 100pt
2026-08-17 21:35:07,258 - DEBUG - xhtml2pdf.tables - Col 3 has width 105pt
2026-08-17 21:35:07,258 - DEBUG - xhtml2pdf.tables - Col 0 has width 80pt
2026-08-17 21:35:07,258 - DEBUG - xhtml2pdf.tables - Col 1 has width 285pt
2026-08-17 21:35:07,258 - DEBUG - xhtml2pdf.tables - Col 2 has width 100pt
2026-08-17 21:35:07,258 - DEBUG - xhtml2pdf.tables - Col 3 has width 105pt
2026-08-17 21:35:07,258 - DEBUG - xhtml2pdf.tables - Col widths: [80.0, 285.0, 100.0, 105.0]
2026-08-17 21:35:07,274 - DEBUG - xhtml2pdf.tables - Col 0 has width 50%
2026-08-17 21:35:07,274 - DEBUG - xhtml2pdf.tables - Col 1 has width 17%
2026-08-17 21:35:07,274 - DEBUG - xhtml2pdf.tables - Col 2 has width 17%
2026-08-17 21:35:07,274 - DEBUG - xhtml2pdf.tables - Col 3 has width 16%
2026-08-17 21:35:07,274 - DEBUG - xhtml2pdf.tables - Col 0 has width 50%
2026-08-17 21:35:07,274 - DEBUG - xhtml2pdf.tables - Col 1 has width 17%
2026-08-17 21:35:07,274 - DEBUG - xhtml2pdf.tables - Col 2 has width 17%
2026-08-17 21:35:07,274 - DEBUG - xhtml2pdf.tables - Col 3 has width 16%
2026-08-17 21:35:07,274 - DEBUG - xhtml2pdf.tables - Col 0 has width 50%
2026-08-17 21:35:07,274 - DEBUG - xhtml2pdf.tables - Col 1 has width 17%
2026-08-17 21:35:07,274 - DEBUG - xhtml2pdf.tables - Col 2 has width 17%
2026-08-17 21:35:07,274 - DEBUG - xhtml2pdf.tables - Col 3 has width 16%
2026-08-17 21:35:07,274 - DEBUG - xhtml2pdf.tables - Col widths: ['50%', '17%', '17%', '16%']
2026-08-17 21:35:07,294 - DEBUG - xhtml2pdf.tables - None
2026-08-17 21:35:07,298 - DEBUG - xhtml2pdf.tables - Col widths: [None]
2026-08-17 21:38:51,100 - INFO - controle_obras.main - Iniciando aplicacao Controle de Obras
2026-08-17 21:38:51,158 - INFO - controle_obras.main - QApplication criado
2026-08-17 21:38:51,362 - INFO - controle_obras.main - AppContainer criado
2026-08-17 21:38:51,692 - INFO - controle_obras.main - Janela exibida
2026-08-17 21:38:53,670 - DEBUG - xhtml2pdf.document - pisaDocument options:
  src = '<!DOCTYPE html>\n<html lang="pt-BR">\n<head>\n    <meta charset="UTF-8">\n    <style>/* ============================================\n   CSS para Relatório PDF - Controle de Obras\n   Motor: xhtml2pdf\n   ============================================ */\n\n@page {\n    size: A4;\n    margin: 1.5cm;\n}\n\n/* ==================== BASE ==================== */\n\nbody {\n    font-family: Helvetica, Arial, sans-serif;\n    font-size: 10pt;\n    color: #000000;\n    line-height: 1.4;\n}\n\n/* ==================== CABEÇALHO ==================== */\n\n.cabecalho {\n    margin-bottom: 16pt;\n    border-bottom: 2pt solid #9CA3AF;\n    padding-bottom: 10pt;\n    text-align: center;\n}\n\n.cabecalho h1 {\n    font-size: 18pt;\n    color: #000000;\n    margin: 0 0 4pt 0;\n    font-weight: 700;\n    letter-spacing: 0.5pt;\n    text-align: center;\n}\n\n.cabecalho h2 {\n    font-size: 13pt;\n    color: #000000;\n    font-weight: 600;\n    margin: 0 0 10pt 0;\n    text-align: center;\n}\n\n/* ==================== INFO OBRA ==================== */\n\n.info-obra {\n    width: 100%;\n    margin: 8pt 0;\n}\n\n.info-obra table {\n    width: 100%;\n    border-collapse: collapse;\n    border: none;\n}\n\n.info-obra td {\n    padding: 2pt 4pt;\n    border: none;\n    vertical-align: top;\n    font-size: 10pt;\n    color: #000000;\n    width: 50%;\n}\n\n.info-obra strong {\n    color: #000000;\n}\n\n.emissao {\n    text-align: right;\n    font-size: 9pt;\n    color: #6B7280;\n    margin: 8pt 0 0 0;\n    font-style: italic;\n}\n\n/* ==================== SEÇÕES ==================== */\n\n.secao {\n    margin-bottom: 16pt;\n}\n\n.secao h3 {\n    font-size: 12pt;\n    color: #000000;\n    margin: 0 0 8pt 0;\n    padding-bottom: 4pt;\n    border-bottom: 1pt solid #E5E7EB;\n    font-weight: 700;\n}\n\n/* ==================== TABELAS ==================== */\n\ntable {\n    width: 100%;\n    border-collapse: collapse;\n    margin: 8pt 0;\n    font-size: 9pt;\n}\n\nthead th {\n    background-color: #6B7280;\n    color: white;\n    padding: 5pt 3pt;\n    text-align: center;\n    font-weight: 600;\n    font-size: 9pt;\n}\n\ntbody td {\n    padding: 4pt 3pt;\n    border-bottom: 1pt solid #E5E7EB;\n    vertical-align: middle;\n}\n\ntbody tr:nth-child(even) td {\n    background-color: #F9FAFB;\n}\n\n.direita {\n    text-align: right;\n}\n\n/* ==================== TABELA RESUMO ==================== */\n\n.tabela-resumo {\n    margin: 10pt 0;\n}\n\n.tabela-resumo thead th {\n    text-align: center;\n    padding: 8pt;\n    font-size: 9pt;\n}\n\n.tabela-resumo tbody td {\n    text-align: center;\n    font-size: 11pt;\n    font-weight: 700;\n    padding: 12pt 8pt;\n    background-color: #F9FAFB;\n}\n\n/* ==================== TABELA ANEXOS ==================== */\n\n.tabela-anexos {\n    width: 100%;\n    font-size: 9pt;\n}\n\n.tabela-anexos th,\n.tabela-anexos td {\n    padding: 5pt;\n    vertical-align: middle;\n}\n\n/* ==================== RODAPÉ ==================== */\n\n.footer-table {\n    width: 100%;\n    border-top: 1pt solid #E5E7EB;\n    padding-top: 6pt;\n    margin-top: 16pt;\n}\n\n.footer-table td {\n    font-size: 8pt;\n    color: #6B7280;\n    text-align: center;\n    border: none;\n    padding: 4pt;\n}\n\n/* ==================== UTILITÁRIOS ==================== */\n\n.page-break {\n    page-break-before: always;\n}\n\n.nao-quebrar {\n    page-break-inside: avoid;\n}\n</style>\n</head>\n<body>\n    <!-- CABEÇALHO -->\n    <header class="cabecalho">\n        <h1>RELATÓRIO DA OBRA</h1>\n        <h2>Construcao de uma Ponte de 500 m</h2>\n\n        <div class="info-obra">\n            <table>\n                <tr>\n                    <td><strong>Código:</strong> 02</td>\n                    <td><strong>Cliente:</strong> Prefeitura Municipal de Baldim</td>\n                </tr>\n                <tr>\n                    <td><strong>Local:</strong> Baldim MG</td>\n                    <td><strong>Engenheiro:</strong> Fernando Alves</td>\n                </tr>\n            </table>\n        </div>\n\n        <p class="emissao">Emissão: 17/08/2026</p>\n    </header>\n\n    <!-- RESUMO FINANCEIRO -->\n    <section class="secao">\n        <h3>RESUMO FINANCEIRO</h3>\n        <table class="tabela-resumo">\n            <thead>\n                <tr>\n                    <th>Valor Contratado</th>\n                    <th>Total Aditivos</th>\n                    <th>Total Gasto</th>\n                    <th>Valor Líquido</th>\n                </tr>\n            </thead>\n            <tbody>\n                <tr>\n                    <td>R$ 301.215.230,00</td>\n                    <td>R$ 1.524.300,00</td>\n                    <td>R$ 79.383,50</td>\n                    <td>R$ 302.660.146,50</td>\n                </tr>\n            </tbody>\n        </table>\n    </section>\n\n    <!-- ADITIVOS -->\n    \n    <section class="secao">\n        <h3>ADITIVOS</h3>\n        <table width="100%" repeat="1">\n            <thead>\n                <tr>\n                    <th width="80pt" style="text-align: center;">Data</th>\n                    <th width="300pt" style="text-align: center;">Descrição</th>\n                    <th width="110pt" style="text-align: center;">Valor</th>\n                </tr>\n            </thead>\n            <tbody>\n                \n                <tr>\n                    <td width="80pt" style="text-align: left; vertical-align: middle; padding: 5pt;">17/08/2026</td>\n                    <td width="300pt" style="text-align: left; vertical-align: middle; padding: 5pt;">Aumento</td>\n                    <td width="110pt" style="text-align: right; white-space: nowrap; vertical-align: middle; padding: 5pt;">R$ 1.524.300,00</td>\n                </tr>\n                \n            </tbody>\n        </table>\n    </section>\n    \n\n    <!-- LANÇAMENTOS -->\n    \n    <section class="secao">\n        <h3>LANÇAMENTOS</h3>\n        <table width="100%" repeat="1">\n            <thead>\n                <tr>\n                    <th width="80pt" style="text-align: center;">Data</th>\n                    <th width="285pt" style="text-align: center;">Descrição</th>\n                    <th width="100pt" style="text-align: center;">Tipo</th>\n                    <th width="105pt" style="text-align: center;">Valor</th>\n                </tr>\n            </thead>\n            <tbody>\n                \n                <tr>\n                    <td width="80pt" style="text-align: left; vertical-align: middle; padding: 5pt;">17/08/2026</td>\n                    <td width="285pt" style="text-align: left; vertical-align: middle; padding: 5pt;">Teste de lancamento</td>\n                    <td width="100pt" style="text-align: left; vertical-align: middle; padding: 5pt;"></td>\n                    <td width="105pt" style="text-align: right; white-space: nowrap; vertical-align: middle; padding: 5pt;">R$ 100,50</td>\n                </tr>\n                \n                <tr>\n                    <td width="80pt" style="text-align: left; vertical-align: middle; padding: 5pt;">17/08/2026</td>\n                    <td width="285pt" style="text-align: left; vertical-align: middle; padding: 5pt;">Ferro</td>\n                    <td width="100pt" style="text-align: left; vertical-align: middle; padding: 5pt;">Material</td>\n                    <td width="105pt" style="text-align: right; white-space: nowrap; vertical-align: middle; padding: 5pt;">R$ 33,00</td>\n                </tr>\n                \n                <tr>\n                    <td width="80pt" style="text-align: left; vertical-align: middle; padding: 5pt;">10/08/2026</td>\n                    <td width="285pt" style="text-align: left; vertical-align: middle; padding: 5pt;">Combustível</td>\n                    <td width="100pt" style="text-align: left; vertical-align: middle; padding: 5pt;">Outros</td>\n                    <td width="105pt" style="text-align: right; white-space: nowrap; vertical-align: middle; padding: 5pt;">R$ 32.550,00</td>\n                </tr>\n                \n                <tr>\n                    <td width="80pt" style="text-align: left; vertical-align: middle; padding: 5pt;">08/08/2026</td>\n                    <td width="285pt" style="text-align: left; vertical-align: middle; padding: 5pt;">Sinalização viária</td>\n                    <td width="100pt" style="text-align: left; vertical-align: middle; padding: 5pt;">Material</td>\n                    <td width="105pt" style="text-align: right; white-space: nowrap; vertical-align: middle; padding: 5pt;">R$ 2.800,00</td>\n                </tr>\n                \n                <tr>\n                    <td width="80pt" style="text-align: left; vertical-align: middle; padding: 5pt;">07/08/2026</td>\n                    <td width="285pt" style="text-align: left; vertical-align: middle; padding: 5pt;">Tubo de drenagem PVC</td>\n                    <td width="100pt" style="text-align: left; vertical-align: middle; padding: 5pt;">Material</td>\n                    <td width="105pt" style="text-align: right; white-space: nowrap; vertical-align: middle; padding: 5pt;">R$ 3.400,00</td>\n                </tr>\n                \n                <tr>\n                    <td width="80pt" style="text-align: left; vertical-align: middle; padding: 5pt;">05/08/2026</td>\n                    <td width="285pt" style="text-align: left; vertical-align: middle; padding: 5pt;">Operador de máquinas</td>\n                    <td width="100pt" style="text-align: left; vertical-align: middle; padding: 5pt;">Mao de obra</td>\n                    <td width="105pt" style="text-align: right; white-space: nowrap; vertical-align: middle; padding: 5pt;">R$ 2.000,00</td>\n                </tr>\n                \n                <tr>\n                    <td width="80pt" style="text-align: left; vertical-align: middle; padding: 5pt;">04/08/2026</td>\n                    <td width="285pt" style="text-align: left; vertical-align: middle; padding: 5pt;">Compactação do solo</td>\n                    <td width="100pt" style="text-align: left; vertical-align: middle; padding: 5pt;">Servico</td>\n                    <td width="105pt" style="text-align: right; white-space: nowrap; vertical-align: middle; padding: 5pt;">R$ 4.500,00</td>\n                </tr>\n                \n                <tr>\n                    <td width="80pt" style="text-align: left; vertical-align: middle; padding: 5pt;">02/08/2026</td>\n                    <td width="285pt" style="text-align: left; vertical-align: middle; padding: 5pt;">Brita para base</td>\n                    <td width="100pt" style="text-align: left; vertical-align: middle; padding: 5pt;">Material</td>\n                    <td width="105pt" style="text-align: right; white-space: nowrap; vertical-align: middle; padding: 5pt;">R$ 34.000,00</td>\n                </tr>\n                \n            </tbody>\n        </table>\n    </section>\n    \n\n    <!-- ANEXOS -->\n    \n    <section class="secao">\n        <h3>ANEXOS</h3>\n        <table class="tabela-anexos" width="100%" repeat="1">\n            <thead>\n                <tr>\n                    <th width="240pt" style="text-align: center;">Nome</th>\n                    <th width="75pt" style="text-align: center;">Tipo</th>\n                    <th width="80pt" style="text-align: center;">Data</th>\n                    <th width="70pt" style="text-align: center;">Tamanho</th>\n                </tr>\n            </thead>\n            <tbody>\n                \n                <tr>\n                    <td width="240pt" style="text-align: left; vertical-align: middle; padding: 5pt;">relatorio_projecao_financeira_20260801.pdf</td>\n                    <td width="75pt" style="text-align: left; vertical-align: middle; padding: 5pt;">Documento</td>\n                    <td width="80pt" style="text-align: left; vertical-align: middle; padding: 5pt;">17/08/2026</td>\n                    <td width="70pt" style="text-align: right; vertical-align: middle; padding: 5pt;">1.7 KB</td>\n                </tr>\n                \n                <tr>\n                    <td width="240pt" style="text-align: left; vertical-align: middle; padding: 5pt;">Oficio_NB0_108_-_Solicitacao_de_processo_indenizatorio_assinado_assinado.pdf</td>\n                    <td width="75pt" style="text-align: left; vertical-align: middle; padding: 5pt;">Documento</td>\n                    <td width="80pt" style="text-align: left; vertical-align: middle; padding: 5pt;">17/08/2026</td>\n                    <td width="70pt" style="text-align: right; vertical-align: middle; padding: 5pt;">160.2 KB</td>\n                </tr>\n                \n            </tbody>\n        </table>\n    </section>\n    \n\n    <!-- ASSINATURA -->\n    <section class="secao" style="margin-top: 20pt;">\n        <table width="100%" style="border: none;">\n            <tr>\n                <td style="border: none; text-align: center;">\n                    <p style="font-size: 10pt; color: #000000; margin-bottom: 4pt;">____________________________________</p>\n                    <p style="font-size: 11pt; font-weight: 700; color: #000000; margin: 0;">Cassio Reis</p>\n                    <p style="font-size: 9pt; color: #6B7280; margin: 2pt 0 0 0;">Responsável Legal</p>\n                    \n                    <p style="font-size: 8pt; color: #6B7280; margin: 2pt 0 0 0;">CNPJ: 115322152000136</p>\n                    \n                </td>\n            </tr>\n        </table>\n    </section>\n\n    <!-- RODAPÉ -->\n    <footer style="text-align: center; font-size: 8pt; color: #6B7280; margin-top: 16pt;">\n        <p>Página <pdf:pagenumber/> de <pdf:pagecount/></p>\n    </footer>\n</body>\n</html>'
  dest = <_io.BufferedRandom name='C:\\Users\\cassi\\OneDrive\\Documentos\\Controle de Obras\\reports\\obras\\relatorio_obra_02_20260817_213853.pdf'>
  path = ''
  link_callback = None
  xhtml = False
  context_meta = None
2026-08-17 21:38:53,692 - DEBUG - xhtml2pdf.tables - Col 0 has width 50%
2026-08-17 21:38:53,692 - DEBUG - xhtml2pdf.tables - Col 1 has width 50%
2026-08-17 21:38:53,692 - DEBUG - xhtml2pdf.tables - Col 0 has width 50%
2026-08-17 21:38:53,692 - DEBUG - xhtml2pdf.tables - Col 1 has width 50%
2026-08-17 21:38:53,692 - DEBUG - xhtml2pdf.tables - Col widths: ['50%', '50%']
2026-08-17 21:38:53,692 - DEBUG - xhtml2pdf.tables - None
2026-08-17 21:38:53,708 - DEBUG - xhtml2pdf.tables - None
2026-08-17 21:38:53,708 - DEBUG - xhtml2pdf.tables - None
2026-08-17 21:38:53,708 - DEBUG - xhtml2pdf.tables - None
2026-08-17 21:38:53,710 - DEBUG - xhtml2pdf.tables - None
2026-08-17 21:38:53,710 - DEBUG - xhtml2pdf.tables - None
2026-08-17 21:38:53,710 - DEBUG - xhtml2pdf.tables - None
2026-08-17 21:38:53,710 - DEBUG - xhtml2pdf.tables - None
2026-08-17 21:38:53,710 - DEBUG - xhtml2pdf.tables - Col widths: [None, None, None, None]
2026-08-17 21:38:53,710 - DEBUG - xhtml2pdf.tables - Col 0 has width 80pt
2026-08-17 21:38:53,710 - DEBUG - xhtml2pdf.tables - Col 1 has width 300pt
2026-08-17 21:38:53,710 - DEBUG - xhtml2pdf.tables - Col 2 has width 110pt
2026-08-17 21:38:53,710 - DEBUG - xhtml2pdf.tables - Col 0 has width 80pt
2026-08-17 21:38:53,710 - DEBUG - xhtml2pdf.tables - Col 1 has width 300pt
2026-08-17 21:38:53,710 - DEBUG - xhtml2pdf.tables - Col 2 has width 110pt
2026-08-17 21:38:53,710 - DEBUG - xhtml2pdf.tables - Col widths: [80.0, 300.0, 110.0]
2026-08-17 21:38:53,724 - DEBUG - xhtml2pdf.tables - Col 0 has width 80pt
2026-08-17 21:38:53,728 - DEBUG - xhtml2pdf.tables - Col 1 has width 285pt
2026-08-17 21:38:53,728 - DEBUG - xhtml2pdf.tables - Col 2 has width 100pt
2026-08-17 21:38:53,728 - DEBUG - xhtml2pdf.tables - Col 3 has width 105pt
2026-08-17 21:38:53,732 - DEBUG - xhtml2pdf.tables - Col 0 has width 80pt
2026-08-17 21:38:53,732 - DEBUG - xhtml2pdf.tables - Col 1 has width 285pt
2026-08-17 21:38:53,732 - DEBUG - xhtml2pdf.tables - Col 2 has width 100pt
2026-08-17 21:38:53,732 - DEBUG - xhtml2pdf.tables - Col 3 has width 105pt
2026-08-17 21:38:53,732 - DEBUG - xhtml2pdf.tables - Col 0 has width 80pt
2026-08-17 21:38:53,732 - DEBUG - xhtml2pdf.tables - Col 1 has width 285pt
2026-08-17 21:38:53,732 - DEBUG - xhtml2pdf.tables - Col 2 has width 100pt
2026-08-17 21:38:53,732 - DEBUG - xhtml2pdf.tables - Col 3 has width 105pt
2026-08-17 21:38:53,742 - DEBUG - xhtml2pdf.tables - Col 0 has width 80pt
2026-08-17 21:38:53,742 - DEBUG - xhtml2pdf.tables - Col 1 has width 285pt
2026-08-17 21:38:53,742 - DEBUG - xhtml2pdf.tables - Col 2 has width 100pt
2026-08-17 21:38:53,742 - DEBUG - xhtml2pdf.tables - Col 3 has width 105pt
2026-08-17 21:38:53,742 - DEBUG - xhtml2pdf.tables - Col 0 has width 80pt
2026-08-17 21:38:53,742 - DEBUG - xhtml2pdf.tables - Col 1 has width 285pt
2026-08-17 21:38:53,742 - DEBUG - xhtml2pdf.tables - Col 2 has width 100pt
2026-08-17 21:38:53,742 - DEBUG - xhtml2pdf.tables - Col 3 has width 105pt
2026-08-17 21:38:53,742 - DEBUG - xhtml2pdf.tables - Col 0 has width 80pt
2026-08-17 21:38:53,742 - DEBUG - xhtml2pdf.tables - Col 1 has width 285pt
2026-08-17 21:38:53,742 - DEBUG - xhtml2pdf.tables - Col 2 has width 100pt
2026-08-17 21:38:53,742 - DEBUG - xhtml2pdf.tables - Col 3 has width 105pt
2026-08-17 21:38:53,742 - DEBUG - xhtml2pdf.tables - Col 0 has width 80pt
2026-08-17 21:38:53,742 - DEBUG - xhtml2pdf.tables - Col 1 has width 285pt
2026-08-17 21:38:53,742 - DEBUG - xhtml2pdf.tables - Col 2 has width 100pt
2026-08-17 21:38:53,742 - DEBUG - xhtml2pdf.tables - Col 3 has width 105pt
2026-08-17 21:38:53,742 - DEBUG - xhtml2pdf.tables - Col 0 has width 80pt
2026-08-17 21:38:53,742 - DEBUG - xhtml2pdf.tables - Col 1 has width 285pt
2026-08-17 21:38:53,742 - DEBUG - xhtml2pdf.tables - Col 2 has width 100pt
2026-08-17 21:38:53,756 - DEBUG - xhtml2pdf.tables - Col 3 has width 105pt
2026-08-17 21:38:53,756 - DEBUG - xhtml2pdf.tables - Col 0 has width 80pt
2026-08-17 21:38:53,756 - DEBUG - xhtml2pdf.tables - Col 1 has width 285pt
2026-08-17 21:38:53,756 - DEBUG - xhtml2pdf.tables - Col 2 has width 100pt
2026-08-17 21:38:53,756 - DEBUG - xhtml2pdf.tables - Col 3 has width 105pt
2026-08-17 21:38:53,756 - DEBUG - xhtml2pdf.tables - Col widths: [80.0, 285.0, 100.0, 105.0]
2026-08-17 21:38:53,756 - DEBUG - xhtml2pdf.tables - Col 0 has width 240pt
2026-08-17 21:38:53,756 - DEBUG - xhtml2pdf.tables - Col 1 has width 75pt
2026-08-17 21:38:53,756 - DEBUG - xhtml2pdf.tables - Col 2 has width 80pt
2026-08-17 21:38:53,756 - DEBUG - xhtml2pdf.tables - Col 3 has width 70pt
2026-08-17 21:38:53,756 - DEBUG - xhtml2pdf.tables - Col 0 has width 240pt
2026-08-17 21:38:53,756 - DEBUG - xhtml2pdf.tables - Col 1 has width 75pt
2026-08-17 21:38:53,756 - DEBUG - xhtml2pdf.tables - Col 2 has width 80pt
2026-08-17 21:38:53,756 - DEBUG - xhtml2pdf.tables - Col 3 has width 70pt
2026-08-17 21:38:53,772 - DEBUG - xhtml2pdf.tables - Col 0 has width 240pt
2026-08-17 21:38:53,772 - DEBUG - xhtml2pdf.tables - Col 1 has width 75pt
2026-08-17 21:38:53,772 - DEBUG - xhtml2pdf.tables - Col 2 has width 80pt
2026-08-17 21:38:53,776 - DEBUG - xhtml2pdf.tables - Col 3 has width 70pt
2026-08-17 21:38:53,776 - DEBUG - xhtml2pdf.tables - Col widths: [240.0, 75.0, 80.0, 70.0]
2026-08-17 21:38:53,782 - DEBUG - xhtml2pdf.tables - None
2026-08-17 21:38:53,783 - DEBUG - xhtml2pdf.tables - Col widths: [None]
2026-08-17 21:48:19,733 - INFO - controle_obras.main - Iniciando aplicacao Controle de Obras
2026-08-17 21:48:19,909 - INFO - controle_obras.main - QApplication criado
2026-08-17 21:48:20,242 - INFO - controle_obras.main - AppContainer criado
2026-08-17 21:48:20,584 - INFO - controle_obras.main - Janela exibida
2026-08-17 21:48:25,949 - DEBUG - xhtml2pdf.document - pisaDocument options:
  src = '<!DOCTYPE html>\n<html lang="pt-BR">\n<head>\n    <meta charset="UTF-8">\n    <style>/* ============================================\n   CSS para Relatório PDF - Controle de Obras\n   Motor: xhtml2pdf\n   ============================================ */\n\n@page {\n    size: A4;\n    margin: 1.5cm;\n}\n\n/* ==================== BASE ==================== */\n\nbody {\n    font-family: Helvetica, Arial, sans-serif;\n    font-size: 10pt;\n    color: #000000;\n    line-height: 1.4;\n}\n\n/* ==================== CABEÇALHO ==================== */\n\n.cabecalho {\n    margin-bottom: 16pt;\n    border-bottom: 2pt solid #9CA3AF;\n    padding-bottom: 10pt;\n    text-align: center;\n}\n\n.cabecalho h1 {\n    font-size: 18pt;\n    color: #000000;\n    margin: 0 0 4pt 0;\n    font-weight: 700;\n    letter-spacing: 0.5pt;\n    text-align: center;\n}\n\n.cabecalho h2 {\n    font-size: 13pt;\n    color: #000000;\n    font-weight: 600;\n    margin: 0 0 10pt 0;\n    text-align: center;\n}\n\n/* ==================== INFO OBRA ==================== */\n\n.info-obra {\n    width: 100%;\n    margin: 8pt 0;\n}\n\n.info-obra table {\n    width: 100%;\n    border-collapse: collapse;\n    border: none;\n}\n\n.info-obra td {\n    padding: 2pt 4pt;\n    border: none;\n    vertical-align: top;\n    font-size: 10pt;\n    color: #000000;\n    width: 50%;\n}\n\n.info-obra strong {\n    color: #000000;\n}\n\n.emissao {\n    text-align: right;\n    font-size: 9pt;\n    color: #6B7280;\n    margin: 8pt 0 0 0;\n    font-style: italic;\n}\n\n/* ==================== SEÇÕES ==================== */\n\n.secao {\n    margin-bottom: 16pt;\n}\n\n.secao h3 {\n    font-size: 12pt;\n    color: #000000;\n    margin: 0 0 8pt 0;\n    padding-bottom: 4pt;\n    border-bottom: 1pt solid #E5E7EB;\n    font-weight: 700;\n}\n\n/* ==================== TABELAS ==================== */\n\ntable {\n    width: 100%;\n    border-collapse: collapse;\n    margin: 8pt 0;\n    font-size: 9pt;\n}\n\nthead th {\n    background-color: #6B7280;\n    color: white;\n    padding: 5pt 3pt;\n    text-align: center;\n    font-weight: 600;\n    font-size: 9pt;\n}\n\ntbody td {\n    padding: 4pt 3pt;\n    border-bottom: 1pt solid #E5E7EB;\n    vertical-align: middle;\n}\n\ntbody tr:nth-child(even) td {\n    background-color: #F9FAFB;\n}\n\n.direita {\n    text-align: right;\n}\n\n/* ==================== TABELA RESUMO ==================== */\n\n.tabela-resumo {\n    margin: 10pt 0;\n}\n\n.tabela-resumo thead th {\n    text-align: center;\n    padding: 8pt;\n    font-size: 9pt;\n}\n\n.tabela-resumo tbody td {\n    text-align: center;\n    font-size: 11pt;\n    font-weight: 700;\n    padding: 12pt 8pt;\n    background-color: #F9FAFB;\n}\n\n/* ==================== TABELA ANEXOS ==================== */\n\n.tabela-anexos {\n    width: 100%;\n    font-size: 9pt;\n}\n\n.tabela-anexos th,\n.tabela-anexos td {\n    padding: 5pt;\n    vertical-align: middle;\n}\n\n/* ==================== RODAPÉ ==================== */\n\n.footer-table {\n    width: 100%;\n    border-top: 1pt solid #E5E7EB;\n    padding-top: 6pt;\n    margin-top: 16pt;\n}\n\n.footer-table td {\n    font-size: 8pt;\n    color: #6B7280;\n    text-align: center;\n    border: none;\n    padding: 4pt;\n}\n\n/* ==================== UTILITÁRIOS ==================== */\n\n.page-break {\n    page-break-before: always;\n}\n\n.nao-quebrar {\n    page-break-inside: avoid;\n}\n</style>\n</head>\n<body>\n    <!-- CABEÇALHO -->\n    <header class="cabecalho">\n        <h1>RELATÓRIO DA OBRA</h1>\n        <h2>Construcao de uma Ponte de 500 m</h2>\n\n        <div class="info-obra">\n            <table>\n                <tr>\n                    <td><strong>Código:</strong> 02</td>\n                    <td><strong>Cliente:</strong> Prefeitura Municipal de Baldim</td>\n                </tr>\n                <tr>\n                    <td><strong>Local:</strong> Baldim MG</td>\n                    <td><strong>Engenheiro:</strong> Fernando Alves</td>\n                </tr>\n            </table>\n        </div>\n\n        <p class="emissao">Emissão: 17/08/2026</p>\n    </header>\n\n    <!-- RESUMO FINANCEIRO -->\n    <section class="secao">\n        <h3>RESUMO FINANCEIRO</h3>\n        <table class="tabela-resumo">\n            <thead>\n                <tr>\n                    <th>Valor Contratado</th>\n                    <th>Total Aditivos</th>\n                    <th>Total Gasto</th>\n                    <th>Valor Líquido</th>\n                </tr>\n            </thead>\n            <tbody>\n                <tr>\n                    <td>R$ 301.215.230,00</td>\n                    <td>R$ 1.524.300,00</td>\n                    <td>R$ 79.383,50</td>\n                    <td>R$ 302.660.146,50</td>\n                </tr>\n            </tbody>\n        </table>\n    </section>\n\n    <!-- ADITIVOS -->\n    \n    <section class="secao">\n        <h3>ADITIVOS</h3>\n        <table width="100%" repeat="1">\n            <thead>\n                <tr>\n                    <th width="80pt" style="text-align: center;">Data</th>\n                    <th width="300pt" style="text-align: center;">Descrição</th>\n                    <th width="110pt" style="text-align: center;">Valor</th>\n                </tr>\n            </thead>\n            <tbody>\n                \n                <tr>\n                    <td width="80pt" style="text-align: left; vertical-align: middle; padding: 5pt;">17/08/2026</td>\n                    <td width="300pt" style="text-align: left; vertical-align: middle; padding: 5pt;">Aumento</td>\n                    <td width="110pt" style="text-align: right; white-space: nowrap; vertical-align: middle; padding: 5pt;">R$ 1.524.300,00</td>\n                </tr>\n                \n            </tbody>\n        </table>\n    </section>\n    \n\n    <!-- LANÇAMENTOS -->\n    \n    <section class="secao">\n        <h3>LANÇAMENTOS</h3>\n        <table width="100%" repeat="1">\n            <thead>\n                <tr>\n                    <th width="80pt" style="text-align: center;">Data</th>\n                    <th width="285pt" style="text-align: center;">Descrição</th>\n                    <th width="100pt" style="text-align: center;">Tipo</th>\n                    <th width="105pt" style="text-align: center;">Valor</th>\n                </tr>\n            </thead>\n            <tbody>\n                \n                <tr>\n                    <td width="80pt" style="text-align: left; vertical-align: middle; padding: 5pt;">17/08/2026</td>\n                    <td width="285pt" style="text-align: left; vertical-align: middle; padding: 5pt;">Teste de lancamento</td>\n                    <td width="100pt" style="text-align: left; vertical-align: middle; padding: 5pt;"></td>\n                    <td width="105pt" style="text-align: right; white-space: nowrap; vertical-align: middle; padding: 5pt;">R$ 100,50</td>\n                </tr>\n                \n                <tr>\n                    <td width="80pt" style="text-align: left; vertical-align: middle; padding: 5pt;">17/08/2026</td>\n                    <td width="285pt" style="text-align: left; vertical-align: middle; padding: 5pt;">Ferro</td>\n                    <td width="100pt" style="text-align: left; vertical-align: middle; padding: 5pt;">Material</td>\n                    <td width="105pt" style="text-align: right; white-space: nowrap; vertical-align: middle; padding: 5pt;">R$ 33,00</td>\n                </tr>\n                \n                <tr>\n                    <td width="80pt" style="text-align: left; vertical-align: middle; padding: 5pt;">10/08/2026</td>\n                    <td width="285pt" style="text-align: left; vertical-align: middle; padding: 5pt;">Combustível</td>\n                    <td width="100pt" style="text-align: left; vertical-align: middle; padding: 5pt;">Outros</td>\n                    <td width="105pt" style="text-align: right; white-space: nowrap; vertical-align: middle; padding: 5pt;">R$ 32.550,00</td>\n                </tr>\n                \n                <tr>\n                    <td width="80pt" style="text-align: left; vertical-align: middle; padding: 5pt;">08/08/2026</td>\n                    <td width="285pt" style="text-align: left; vertical-align: middle; padding: 5pt;">Sinalização viária</td>\n                    <td width="100pt" style="text-align: left; vertical-align: middle; padding: 5pt;">Material</td>\n                    <td width="105pt" style="text-align: right; white-space: nowrap; vertical-align: middle; padding: 5pt;">R$ 2.800,00</td>\n                </tr>\n                \n                <tr>\n                    <td width="80pt" style="text-align: left; vertical-align: middle; padding: 5pt;">07/08/2026</td>\n                    <td width="285pt" style="text-align: left; vertical-align: middle; padding: 5pt;">Tubo de drenagem PVC</td>\n                    <td width="100pt" style="text-align: left; vertical-align: middle; padding: 5pt;">Material</td>\n                    <td width="105pt" style="text-align: right; white-space: nowrap; vertical-align: middle; padding: 5pt;">R$ 3.400,00</td>\n                </tr>\n                \n                <tr>\n                    <td width="80pt" style="text-align: left; vertical-align: middle; padding: 5pt;">05/08/2026</td>\n                    <td width="285pt" style="text-align: left; vertical-align: middle; padding: 5pt;">Operador de máquinas</td>\n                    <td width="100pt" style="text-align: left; vertical-align: middle; padding: 5pt;">Mao de obra</td>\n                    <td width="105pt" style="text-align: right; white-space: nowrap; vertical-align: middle; padding: 5pt;">R$ 2.000,00</td>\n                </tr>\n                \n                <tr>\n                    <td width="80pt" style="text-align: left; vertical-align: middle; padding: 5pt;">04/08/2026</td>\n                    <td width="285pt" style="text-align: left; vertical-align: middle; padding: 5pt;">Compactação do solo</td>\n                    <td width="100pt" style="text-align: left; vertical-align: middle; padding: 5pt;">Servico</td>\n                    <td width="105pt" style="text-align: right; white-space: nowrap; vertical-align: middle; padding: 5pt;">R$ 4.500,00</td>\n                </tr>\n                \n                <tr>\n                    <td width="80pt" style="text-align: left; vertical-align: middle; padding: 5pt;">02/08/2026</td>\n                    <td width="285pt" style="text-align: left; vertical-align: middle; padding: 5pt;">Brita para base</td>\n                    <td width="100pt" style="text-align: left; vertical-align: middle; padding: 5pt;">Material</td>\n                    <td width="105pt" style="text-align: right; white-space: nowrap; vertical-align: middle; padding: 5pt;">R$ 34.000,00</td>\n                </tr>\n                \n            </tbody>\n        </table>\n    </section>\n    \n\n    <!-- ANEXOS -->\n    \n    <section class="secao">\n        <h3>ANEXOS</h3>\n        <table class="tabela-anexos" width="100%" repeat="1">\n            <thead>\n                <tr>\n                    <th width="240pt" style="text-align: center;">Nome</th>\n                    <th width="75pt" style="text-align: center;">Tipo</th>\n                    <th width="80pt" style="text-align: center;">Data</th>\n                    <th width="70pt" style="text-align: center;">Tamanho</th>\n                </tr>\n            </thead>\n            <tbody>\n                \n                <tr>\n                    <td width="240pt" style="text-align: left; vertical-align: middle; padding: 5pt;">relatorio_projecao_financeira_20260801.pdf</td>\n                    <td width="75pt" style="text-align: left; vertical-align: middle; padding: 5pt;">Documento</td>\n                    <td width="80pt" style="text-align: left; vertical-align: middle; padding: 5pt;">17/08/2026</td>\n                    <td width="70pt" style="text-align: right; vertical-align: middle; padding: 5pt;">1.7 KB</td>\n                </tr>\n                \n                <tr>\n                    <td width="240pt" style="text-align: left; vertical-align: middle; padding: 5pt;">Oficio_NB0_108_-_Solicitacao_de_processo_indenizatorio_assinado_assinado.pdf</td>\n                    <td width="75pt" style="text-align: left; vertical-align: middle; padding: 5pt;">Documento</td>\n                    <td width="80pt" style="text-align: left; vertical-align: middle; padding: 5pt;">17/08/2026</td>\n                    <td width="70pt" style="text-align: right; vertical-align: middle; padding: 5pt;">160.2 KB</td>\n                </tr>\n                \n            </tbody>\n        </table>\n    </section>\n    \n\n    <!-- ASSINATURA -->\n    <section class="secao" style="margin-top: 20pt;">\n        <table width="100%" style="border: none;">\n            <tr>\n                <td style="border: none; text-align: center;">\n                    <p style="font-size: 10pt; color: #000000; margin-bottom: 4pt;">____________________________________</p>\n                    <p style="font-size: 11pt; font-weight: 700; color: #000000; margin: 0;">Cassio Reis</p>\n                    <p style="font-size: 9pt; color: #6B7280; margin: 2pt 0 0 0;">Responsável Legal</p>\n                    \n                    <p style="font-size: 8pt; color: #6B7280; margin: 2pt 0 0 0;">CNPJ: 115322152000136</p>\n                    \n                </td>\n            </tr>\n        </table>\n    </section>\n\n    <!-- RODAPÉ -->\n    <footer style="text-align: center; font-size: 8pt; color: #6B7280; margin-top: 16pt;">\n        <p>Página <pdf:pagenumber/> de <pdf:pagecount/></p>\n    </footer>\n</body>\n</html>'
  dest = <_io.BufferedRandom name='C:\\Users\\cassi\\OneDrive\\Documentos\\Controle de Obras\\reports\\obras\\relatorio_obra_02_20260817_214825.pdf'>
  path = ''
  link_callback = None
  xhtml = False
  context_meta = None
2026-08-17 21:48:25,968 - DEBUG - xhtml2pdf.tables - Col 0 has width 50%
2026-08-17 21:48:25,970 - DEBUG - xhtml2pdf.tables - Col 1 has width 50%
2026-08-17 21:48:25,972 - DEBUG - xhtml2pdf.tables - Col 0 has width 50%
2026-08-17 21:48:25,972 - DEBUG - xhtml2pdf.tables - Col 1 has width 50%
2026-08-17 21:48:25,974 - DEBUG - xhtml2pdf.tables - Col widths: ['50%', '50%']
2026-08-17 21:48:25,978 - DEBUG - xhtml2pdf.tables - None
2026-08-17 21:48:25,978 - DEBUG - xhtml2pdf.tables - None
2026-08-17 21:48:25,978 - DEBUG - xhtml2pdf.tables - None
2026-08-17 21:48:25,978 - DEBUG - xhtml2pdf.tables - None
2026-08-17 21:48:25,982 - DEBUG - xhtml2pdf.tables - None
2026-08-17 21:48:25,982 - DEBUG - xhtml2pdf.tables - None
2026-08-17 21:48:25,982 - DEBUG - xhtml2pdf.tables - None
2026-08-17 21:48:25,982 - DEBUG - xhtml2pdf.tables - None
2026-08-17 21:48:25,982 - DEBUG - xhtml2pdf.tables - Col widths: [None, None, None, None]
2026-08-17 21:48:25,986 - DEBUG - xhtml2pdf.tables - Col 0 has width 80pt
2026-08-17 21:48:25,986 - DEBUG - xhtml2pdf.tables - Col 1 has width 300pt
2026-08-17 21:48:25,986 - DEBUG - xhtml2pdf.tables - Col 2 has width 110pt
2026-08-17 21:48:25,988 - DEBUG - xhtml2pdf.tables - Col 0 has width 80pt
2026-08-17 21:48:25,988 - DEBUG - xhtml2pdf.tables - Col 1 has width 300pt
2026-08-17 21:48:25,988 - DEBUG - xhtml2pdf.tables - Col 2 has width 110pt
2026-08-17 21:48:25,988 - DEBUG - xhtml2pdf.tables - Col widths: [80.0, 300.0, 110.0]
2026-08-17 21:48:25,988 - DEBUG - xhtml2pdf.tables - Col 0 has width 80pt
2026-08-17 21:48:25,988 - DEBUG - xhtml2pdf.tables - Col 1 has width 285pt
2026-08-17 21:48:25,988 - DEBUG - xhtml2pdf.tables - Col 2 has width 100pt
2026-08-17 21:48:25,988 - DEBUG - xhtml2pdf.tables - Col 3 has width 105pt
2026-08-17 21:48:25,988 - DEBUG - xhtml2pdf.tables - Col 0 has width 80pt
2026-08-17 21:48:25,988 - DEBUG - xhtml2pdf.tables - Col 1 has width 285pt
2026-08-17 21:48:25,988 - DEBUG - xhtml2pdf.tables - Col 2 has width 100pt
2026-08-17 21:48:25,988 - DEBUG - xhtml2pdf.tables - Col 3 has width 105pt
2026-08-17 21:48:25,988 - DEBUG - xhtml2pdf.tables - Col 0 has width 80pt
2026-08-17 21:48:25,988 - DEBUG - xhtml2pdf.tables - Col 1 has width 285pt
2026-08-17 21:48:25,988 - DEBUG - xhtml2pdf.tables - Col 2 has width 100pt
2026-08-17 21:48:26,002 - DEBUG - xhtml2pdf.tables - Col 3 has width 105pt
2026-08-17 21:48:26,002 - DEBUG - xhtml2pdf.tables - Col 0 has width 80pt
2026-08-17 21:48:26,002 - DEBUG - xhtml2pdf.tables - Col 1 has width 285pt
2026-08-17 21:48:26,002 - DEBUG - xhtml2pdf.tables - Col 2 has width 100pt
2026-08-17 21:48:26,002 - DEBUG - xhtml2pdf.tables - Col 3 has width 105pt
2026-08-17 21:48:26,002 - DEBUG - xhtml2pdf.tables - Col 0 has width 80pt
2026-08-17 21:48:26,002 - DEBUG - xhtml2pdf.tables - Col 1 has width 285pt
2026-08-17 21:48:26,002 - DEBUG - xhtml2pdf.tables - Col 2 has width 100pt
2026-08-17 21:48:26,002 - DEBUG - xhtml2pdf.tables - Col 3 has width 105pt
2026-08-17 21:48:26,002 - DEBUG - xhtml2pdf.tables - Col 0 has width 80pt
2026-08-17 21:48:26,002 - DEBUG - xhtml2pdf.tables - Col 1 has width 285pt
2026-08-17 21:48:26,002 - DEBUG - xhtml2pdf.tables - Col 2 has width 100pt
2026-08-17 21:48:26,002 - DEBUG - xhtml2pdf.tables - Col 3 has width 105pt
2026-08-17 21:48:26,002 - DEBUG - xhtml2pdf.tables - Col 0 has width 80pt
2026-08-17 21:48:26,002 - DEBUG - xhtml2pdf.tables - Col 1 has width 285pt
2026-08-17 21:48:26,002 - DEBUG - xhtml2pdf.tables - Col 2 has width 100pt
2026-08-17 21:48:26,002 - DEBUG - xhtml2pdf.tables - Col 3 has width 105pt
2026-08-17 21:48:26,002 - DEBUG - xhtml2pdf.tables - Col 0 has width 80pt
2026-08-17 21:48:26,002 - DEBUG - xhtml2pdf.tables - Col 1 has width 285pt
2026-08-17 21:48:26,002 - DEBUG - xhtml2pdf.tables - Col 2 has width 100pt
2026-08-17 21:48:26,018 - DEBUG - xhtml2pdf.tables - Col 3 has width 105pt
2026-08-17 21:48:26,018 - DEBUG - xhtml2pdf.tables - Col 0 has width 80pt
2026-08-17 21:48:26,018 - DEBUG - xhtml2pdf.tables - Col 1 has width 285pt
2026-08-17 21:48:26,018 - DEBUG - xhtml2pdf.tables - Col 2 has width 100pt
2026-08-17 21:48:26,018 - DEBUG - xhtml2pdf.tables - Col 3 has width 105pt
2026-08-17 21:48:26,018 - DEBUG - xhtml2pdf.tables - Col widths: [80.0, 285.0, 100.0, 105.0]
2026-08-17 21:48:26,018 - DEBUG - xhtml2pdf.tables - Col 0 has width 240pt
2026-08-17 21:48:26,018 - DEBUG - xhtml2pdf.tables - Col 1 has width 75pt
2026-08-17 21:48:26,018 - DEBUG - xhtml2pdf.tables - Col 2 has width 80pt
2026-08-17 21:48:26,018 - DEBUG - xhtml2pdf.tables - Col 3 has width 70pt
2026-08-17 21:48:26,018 - DEBUG - xhtml2pdf.tables - Col 0 has width 240pt
2026-08-17 21:48:26,018 - DEBUG - xhtml2pdf.tables - Col 1 has width 75pt
2026-08-17 21:48:26,018 - DEBUG - xhtml2pdf.tables - Col 2 has width 80pt
2026-08-17 21:48:26,018 - DEBUG - xhtml2pdf.tables - Col 3 has width 70pt
2026-08-17 21:48:26,018 - DEBUG - xhtml2pdf.tables - Col 0 has width 240pt
2026-08-17 21:48:26,018 - DEBUG - xhtml2pdf.tables - Col 1 has width 75pt
2026-08-17 21:48:26,018 - DEBUG - xhtml2pdf.tables - Col 2 has width 80pt
2026-08-17 21:48:26,018 - DEBUG - xhtml2pdf.tables - Col 3 has width 70pt
2026-08-17 21:48:26,018 - DEBUG - xhtml2pdf.tables - Col widths: [240.0, 75.0, 80.0, 70.0]
2026-08-17 21:48:26,034 - DEBUG - xhtml2pdf.tables - None
2026-08-17 21:48:26,034 - DEBUG - xhtml2pdf.tables - Col widths: [None]
2026-08-17 21:57:01,140 - INFO - controle_obras.main - Iniciando aplicacao Controle de Obras
2026-08-17 21:57:01,172 - INFO - controle_obras.main - QApplication criado
2026-08-17 21:57:01,298 - INFO - controle_obras.main - AppContainer criado
2026-08-17 21:57:01,835 - INFO - controle_obras.main - Janela exibida
2026-08-17 21:57:04,348 - DEBUG - xhtml2pdf.document - pisaDocument options:
  src = '<!DOCTYPE html>\n<html lang="pt-BR">\n<head>\n    <meta charset="UTF-8">\n    <style>/* ============================================\n   CSS para Relatório PDF - Controle de Obras\n   Motor: xhtml2pdf\n   ============================================ */\n\n@page {\n    size: A4;\n    margin: 1.5cm;\n}\n\n/* ==================== BASE ==================== */\n\nbody {\n    font-family: Helvetica, Arial, sans-serif;\n    font-size: 10pt;\n    color: #000000;\n    line-height: 1.4;\n}\n\n/* ==================== CABEÇALHO ==================== */\n\n.cabecalho {\n    margin-bottom: 16pt;\n    border-bottom: 2pt solid #9CA3AF;\n    padding-bottom: 10pt;\n    text-align: center;\n}\n\n.cabecalho h1 {\n    font-size: 18pt;\n    color: #000000;\n    margin: 0 0 4pt 0;\n    font-weight: 700;\n    letter-spacing: 0.5pt;\n    text-align: center;\n}\n\n.cabecalho h2 {\n    font-size: 13pt;\n    color: #000000;\n    font-weight: 600;\n    margin: 0 0 10pt 0;\n    text-align: center;\n}\n\n/* ==================== INFO OBRA ==================== */\n\n.info-obra {\n    width: 100%;\n    margin: 8pt 0;\n}\n\n.info-obra table {\n    width: 100%;\n    border-collapse: collapse;\n    border: none;\n}\n\n.info-obra td {\n    padding: 2pt 4pt;\n    border: none;\n    vertical-align: top;\n    font-size: 10pt;\n    color: #000000;\n    width: 50%;\n}\n\n.info-obra strong {\n    color: #000000;\n}\n\n.emissao {\n    text-align: right;\n    font-size: 9pt;\n    color: #6B7280;\n    margin: 8pt 0 0 0;\n    font-style: italic;\n}\n\n/* ==================== SEÇÕES ==================== */\n\n.secao {\n    margin-bottom: 16pt;\n}\n\n.secao h3 {\n    font-size: 12pt;\n    color: #000000;\n    margin: 0 0 8pt 0;\n    padding-bottom: 4pt;\n    border-bottom: 1pt solid #E5E7EB;\n    font-weight: 700;\n}\n\n/* ==================== TABELAS ==================== */\n\ntable {\n    width: 100%;\n    border-collapse: collapse;\n    margin: 8pt 0;\n    font-size: 9pt;\n}\n\nthead th {\n    background-color: #6B7280;\n    color: white;\n    padding: 5pt 3pt;\n    text-align: center;\n    font-weight: 600;\n    font-size: 9pt;\n}\n\ntbody td {\n    padding: 4pt 3pt;\n    border-bottom: 1pt solid #E5E7EB;\n    vertical-align: middle;\n}\n\ntbody tr:nth-child(even) td {\n    background-color: #F9FAFB;\n}\n\n.direita {\n    text-align: right;\n}\n\n/* ==================== TABELA RESUMO ==================== */\n\n.tabela-resumo {\n    margin: 10pt 0;\n}\n\n.tabela-resumo thead th {\n    text-align: center;\n    padding: 8pt;\n    font-size: 9pt;\n}\n\n.tabela-resumo tbody td {\n    text-align: center;\n    font-size: 11pt;\n    font-weight: 700;\n    padding: 12pt 8pt;\n    background-color: #F9FAFB;\n}\n\n/* ==================== TABELA ANEXOS ==================== */\n\n.tabela-anexos {\n    width: 100%;\n    font-size: 9pt;\n}\n\n.tabela-anexos th,\n.tabela-anexos td {\n    padding: 5pt;\n    vertical-align: middle;\n}\n\n/* ==================== RODAPÉ ==================== */\n\n.footer-table {\n    width: 100%;\n    border-top: 1pt solid #E5E7EB;\n    padding-top: 6pt;\n    margin-top: 16pt;\n}\n\n.footer-table td {\n    font-size: 8pt;\n    color: #6B7280;\n    text-align: center;\n    border: none;\n    padding: 4pt;\n}\n\n/* ==================== UTILITÁRIOS ==================== */\n\n.page-break {\n    page-break-before: always;\n}\n\n.nao-quebrar {\n    page-break-inside: avoid;\n}\n</style>\n</head>\n<body>\n    <!-- CABEÇALHO -->\n    <header class="cabecalho">\n        <h1>RELATÓRIO DA OBRA</h1>\n        <h2>Construcao de uma Ponte de 500 m</h2>\n\n        <div class="info-obra">\n            <table>\n                <tr>\n                    <td><strong>Código:</strong> 02</td>\n                    <td><strong>Cliente:</strong> Prefeitura Municipal de Baldim</td>\n                </tr>\n                <tr>\n                    <td><strong>Local:</strong> Baldim MG</td>\n                    <td><strong>Engenheiro:</strong> Fernando Alves</td>\n                </tr>\n            </table>\n        </div>\n\n        <p class="emissao">Emissão: 17/08/2026</p>\n    </header>\n\n    <!-- RESUMO FINANCEIRO -->\n    <section class="secao">\n        <h3>RESUMO FINANCEIRO</h3>\n        <table class="tabela-resumo">\n            <thead>\n                <tr>\n                    <th>Valor Contratado</th>\n                    <th>Total Aditivos</th>\n                    <th>Total Gasto</th>\n                    <th>Valor Líquido</th>\n                </tr>\n            </thead>\n            <tbody>\n                <tr>\n                    <td>R$ 301.215.230,00</td>\n                    <td>R$ 1.524.300,00</td>\n                    <td>R$ 79.383,50</td>\n                    <td>R$ 302.660.146,50</td>\n                </tr>\n            </tbody>\n        </table>\n    </section>\n\n    <!-- ADITIVOS -->\n    \n    <section class="secao">\n        <h3>ADITIVOS</h3>\n        <table width="100%" repeat="1">\n            <thead>\n                <tr>\n                    <th width="80pt" style="text-align: center;">Data</th>\n                    <th width="300pt" style="text-align: center;">Descrição</th>\n                    <th width="110pt" style="text-align: center;">Valor</th>\n                </tr>\n            </thead>\n            <tbody>\n                \n                <tr>\n                    <td width="80pt" style="text-align: left; vertical-align: middle; padding: 5pt;">17/08/2026</td>\n                    <td width="300pt" style="text-align: left; vertical-align: middle; padding: 5pt;">Aumento</td>\n                    <td width="110pt" style="text-align: right; white-space: nowrap; vertical-align: middle; padding: 5pt;">R$ 1.524.300,00</td>\n                </tr>\n                \n            </tbody>\n        </table>\n    </section>\n    \n\n    <!-- LANÇAMENTOS -->\n    \n    <section class="secao">\n        <h3>LANÇAMENTOS</h3>\n        <table width="100%" repeat="1">\n            <thead>\n                <tr>\n                    <th width="80pt" style="text-align: center;">Data</th>\n                    <th width="285pt" style="text-align: center;">Descrição</th>\n                    <th width="100pt" style="text-align: center;">Tipo</th>\n                    <th width="105pt" style="text-align: center;">Valor</th>\n                </tr>\n            </thead>\n            <tbody>\n                \n                <tr>\n                    <td width="80pt" style="text-align: left; vertical-align: middle; padding: 5pt;">17/08/2026</td>\n                    <td width="285pt" style="text-align: left; vertical-align: middle; padding: 5pt;">Teste de lancamento</td>\n                    <td width="100pt" style="text-align: left; vertical-align: middle; padding: 5pt;"></td>\n                    <td width="105pt" style="text-align: right; white-space: nowrap; vertical-align: middle; padding: 5pt;">R$ 100,50</td>\n                </tr>\n                \n                <tr>\n                    <td width="80pt" style="text-align: left; vertical-align: middle; padding: 5pt;">17/08/2026</td>\n                    <td width="285pt" style="text-align: left; vertical-align: middle; padding: 5pt;">Ferro</td>\n                    <td width="100pt" style="text-align: left; vertical-align: middle; padding: 5pt;">Material</td>\n                    <td width="105pt" style="text-align: right; white-space: nowrap; vertical-align: middle; padding: 5pt;">R$ 33,00</td>\n                </tr>\n                \n                <tr>\n                    <td width="80pt" style="text-align: left; vertical-align: middle; padding: 5pt;">10/08/2026</td>\n                    <td width="285pt" style="text-align: left; vertical-align: middle; padding: 5pt;">Combustível</td>\n                    <td width="100pt" style="text-align: left; vertical-align: middle; padding: 5pt;">Outros</td>\n                    <td width="105pt" style="text-align: right; white-space: nowrap; vertical-align: middle; padding: 5pt;">R$ 32.550,00</td>\n                </tr>\n                \n                <tr>\n                    <td width="80pt" style="text-align: left; vertical-align: middle; padding: 5pt;">08/08/2026</td>\n                    <td width="285pt" style="text-align: left; vertical-align: middle; padding: 5pt;">Sinalização viária</td>\n                    <td width="100pt" style="text-align: left; vertical-align: middle; padding: 5pt;">Material</td>\n                    <td width="105pt" style="text-align: right; white-space: nowrap; vertical-align: middle; padding: 5pt;">R$ 2.800,00</td>\n                </tr>\n                \n                <tr>\n                    <td width="80pt" style="text-align: left; vertical-align: middle; padding: 5pt;">07/08/2026</td>\n                    <td width="285pt" style="text-align: left; vertical-align: middle; padding: 5pt;">Tubo de drenagem PVC</td>\n                    <td width="100pt" style="text-align: left; vertical-align: middle; padding: 5pt;">Material</td>\n                    <td width="105pt" style="text-align: right; white-space: nowrap; vertical-align: middle; padding: 5pt;">R$ 3.400,00</td>\n                </tr>\n                \n                <tr>\n                    <td width="80pt" style="text-align: left; vertical-align: middle; padding: 5pt;">05/08/2026</td>\n                    <td width="285pt" style="text-align: left; vertical-align: middle; padding: 5pt;">Operador de máquinas</td>\n                    <td width="100pt" style="text-align: left; vertical-align: middle; padding: 5pt;">Mão de obra</td>\n                    <td width="105pt" style="text-align: right; white-space: nowrap; vertical-align: middle; padding: 5pt;">R$ 2.000,00</td>\n                </tr>\n                \n                <tr>\n                    <td width="80pt" style="text-align: left; vertical-align: middle; padding: 5pt;">04/08/2026</td>\n                    <td width="285pt" style="text-align: left; vertical-align: middle; padding: 5pt;">Compactação do solo</td>\n                    <td width="100pt" style="text-align: left; vertical-align: middle; padding: 5pt;">Serviço</td>\n                    <td width="105pt" style="text-align: right; white-space: nowrap; vertical-align: middle; padding: 5pt;">R$ 4.500,00</td>\n                </tr>\n                \n                <tr>\n                    <td width="80pt" style="text-align: left; vertical-align: middle; padding: 5pt;">02/08/2026</td>\n                    <td width="285pt" style="text-align: left; vertical-align: middle; padding: 5pt;">Brita para base</td>\n                    <td width="100pt" style="text-align: left; vertical-align: middle; padding: 5pt;">Material</td>\n                    <td width="105pt" style="text-align: right; white-space: nowrap; vertical-align: middle; padding: 5pt;">R$ 34.000,00</td>\n                </tr>\n                \n            </tbody>\n        </table>\n    </section>\n    \n\n    <!-- ANEXOS -->\n    \n    <section class="secao">\n        <h3>ANEXOS</h3>\n        <table class="tabela-anexos" width="100%" repeat="1">\n            <thead>\n                <tr>\n                    <th width="240pt" style="text-align: center;">Nome</th>\n                    <th width="75pt" style="text-align: center;">Tipo</th>\n                    <th width="80pt" style="text-align: center;">Data</th>\n                    <th width="70pt" style="text-align: center;">Tamanho</th>\n                </tr>\n            </thead>\n            <tbody>\n                \n                <tr>\n                    <td width="240pt" style="text-align: left; vertical-align: middle; padding: 5pt;">relatorio_projecao_financeira_20260801.pdf</td>\n                    <td width="75pt" style="text-align: left; vertical-align: middle; padding: 5pt;">Documento</td>\n                    <td width="80pt" style="text-align: left; vertical-align: middle; padding: 5pt;">17/08/2026</td>\n                    <td width="70pt" style="text-align: right; vertical-align: middle; padding: 5pt;">1.7 KB</td>\n                </tr>\n                \n                <tr>\n                    <td width="240pt" style="text-align: left; vertical-align: middle; padding: 5pt;">Oficio_NB0_108_-_Solicitacao_de_processo_indenizatorio_assinado_assinado.pdf</td>\n                    <td width="75pt" style="text-align: left; vertical-align: middle; padding: 5pt;">Documento</td>\n                    <td width="80pt" style="text-align: left; vertical-align: middle; padding: 5pt;">17/08/2026</td>\n                    <td width="70pt" style="text-align: right; vertical-align: middle; padding: 5pt;">160.2 KB</td>\n                </tr>\n                \n            </tbody>\n        </table>\n    </section>\n    \n\n    <!-- ASSINATURA -->\n    <section class="secao" style="margin-top: 20pt;">\n        <table width="100%" style="border: none;">\n            <tr>\n                <td style="border: none; text-align: center;">\n                    <p style="font-size: 10pt; color: #000000; margin-bottom: 4pt;">____________________________________</p>\n                    <p style="font-size: 11pt; font-weight: 700; color: #000000; margin: 0;">Cassio Reis</p>\n                    <p style="font-size: 9pt; color: #6B7280; margin: 2pt 0 0 0;">Responsável Legal</p>\n                    \n                    <p style="font-size: 8pt; color: #6B7280; margin: 2pt 0 0 0;">CNPJ: 115322152000136</p>\n                    \n                </td>\n            </tr>\n        </table>\n    </section>\n\n    <!-- RODAPÉ -->\n    <footer style="text-align: center; font-size: 8pt; color: #6B7280; margin-top: 16pt;">\n        <p>Página <pdf:pagenumber/> de <pdf:pagecount/></p>\n    </footer>\n</body>\n</html>'
  dest = <_io.BufferedRandom name='C:\\Users\\cassi\\OneDrive\\Documentos\\Controle de Obras\\reports\\obras\\relatorio_obra_02_20260817_215704.pdf'>
  path = ''
  link_callback = None
  xhtml = False
  context_meta = None
2026-08-17 21:57:04,361 - DEBUG - xhtml2pdf.tables - Col 0 has width 50%
2026-08-17 21:57:04,361 - DEBUG - xhtml2pdf.tables - Col 1 has width 50%
2026-08-17 21:57:04,361 - DEBUG - xhtml2pdf.tables - Col 0 has width 50%
2026-08-17 21:57:04,361 - DEBUG - xhtml2pdf.tables - Col 1 has width 50%
2026-08-17 21:57:04,377 - DEBUG - xhtml2pdf.tables - Col widths: ['50%', '50%']
2026-08-17 21:57:04,383 - DEBUG - xhtml2pdf.tables - None
2026-08-17 21:57:04,383 - DEBUG - xhtml2pdf.tables - None
2026-08-17 21:57:04,383 - DEBUG - xhtml2pdf.tables - None
2026-08-17 21:57:04,383 - DEBUG - xhtml2pdf.tables - None
2026-08-17 21:57:04,390 - DEBUG - xhtml2pdf.tables - None
2026-08-17 21:57:04,390 - DEBUG - xhtml2pdf.tables - None
2026-08-17 21:57:04,390 - DEBUG - xhtml2pdf.tables - None
2026-08-17 21:57:04,390 - DEBUG - xhtml2pdf.tables - None
2026-08-17 21:57:04,390 - DEBUG - xhtml2pdf.tables - Col widths: [None, None, None, None]
2026-08-17 21:57:04,393 - DEBUG - xhtml2pdf.tables - Col 0 has width 80pt
2026-08-17 21:57:04,393 - DEBUG - xhtml2pdf.tables - Col 1 has width 300pt
2026-08-17 21:57:04,393 - DEBUG - xhtml2pdf.tables - Col 2 has width 110pt
2026-08-17 21:57:04,393 - DEBUG - xhtml2pdf.tables - Col 0 has width 80pt
2026-08-17 21:57:04,393 - DEBUG - xhtml2pdf.tables - Col 1 has width 300pt
2026-08-17 21:57:04,393 - DEBUG - xhtml2pdf.tables - Col 2 has width 110pt
2026-08-17 21:57:04,393 - DEBUG - xhtml2pdf.tables - Col widths: [80.0, 300.0, 110.0]
2026-08-17 21:57:04,393 - DEBUG - xhtml2pdf.tables - Col 0 has width 80pt
2026-08-17 21:57:04,393 - DEBUG - xhtml2pdf.tables - Col 1 has width 285pt
2026-08-17 21:57:04,393 - DEBUG - xhtml2pdf.tables - Col 2 has width 100pt
2026-08-17 21:57:04,393 - DEBUG - xhtml2pdf.tables - Col 3 has width 105pt
2026-08-17 21:57:04,409 - DEBUG - xhtml2pdf.tables - Col 0 has width 80pt
2026-08-17 21:57:04,409 - DEBUG - xhtml2pdf.tables - Col 1 has width 285pt
2026-08-17 21:57:04,409 - DEBUG - xhtml2pdf.tables - Col 2 has width 100pt
2026-08-17 21:57:04,409 - DEBUG - xhtml2pdf.tables - Col 3 has width 105pt
2026-08-17 21:57:04,409 - DEBUG - xhtml2pdf.tables - Col 0 has width 80pt
2026-08-17 21:57:04,409 - DEBUG - xhtml2pdf.tables - Col 1 has width 285pt
2026-08-17 21:57:04,409 - DEBUG - xhtml2pdf.tables - Col 2 has width 100pt
2026-08-17 21:57:04,409 - DEBUG - xhtml2pdf.tables - Col 3 has width 105pt
2026-08-17 21:57:04,409 - DEBUG - xhtml2pdf.tables - Col 0 has width 80pt
2026-08-17 21:57:04,409 - DEBUG - xhtml2pdf.tables - Col 1 has width 285pt
2026-08-17 21:57:04,409 - DEBUG - xhtml2pdf.tables - Col 2 has width 100pt
2026-08-17 21:57:04,409 - DEBUG - xhtml2pdf.tables - Col 3 has width 105pt
2026-08-17 21:57:04,409 - DEBUG - xhtml2pdf.tables - Col 0 has width 80pt
2026-08-17 21:57:04,409 - DEBUG - xhtml2pdf.tables - Col 1 has width 285pt
2026-08-17 21:57:04,409 - DEBUG - xhtml2pdf.tables - Col 2 has width 100pt
2026-08-17 21:57:04,409 - DEBUG - xhtml2pdf.tables - Col 3 has width 105pt
2026-08-17 21:57:04,409 - DEBUG - xhtml2pdf.tables - Col 0 has width 80pt
2026-08-17 21:57:04,425 - DEBUG - xhtml2pdf.tables - Col 1 has width 285pt
2026-08-17 21:57:04,425 - DEBUG - xhtml2pdf.tables - Col 2 has width 100pt
2026-08-17 21:57:04,427 - DEBUG - xhtml2pdf.tables - Col 3 has width 105pt
2026-08-17 21:57:04,427 - DEBUG - xhtml2pdf.tables - Col 0 has width 80pt
2026-08-17 21:57:04,427 - DEBUG - xhtml2pdf.tables - Col 1 has width 285pt
2026-08-17 21:57:04,427 - DEBUG - xhtml2pdf.tables - Col 2 has width 100pt
2026-08-17 21:57:04,427 - DEBUG - xhtml2pdf.tables - Col 3 has width 105pt
2026-08-17 21:57:04,427 - DEBUG - xhtml2pdf.tables - Col 0 has width 80pt
2026-08-17 21:57:04,427 - DEBUG - xhtml2pdf.tables - Col 1 has width 285pt
2026-08-17 21:57:04,427 - DEBUG - xhtml2pdf.tables - Col 2 has width 100pt
2026-08-17 21:57:04,427 - DEBUG - xhtml2pdf.tables - Col 3 has width 105pt
2026-08-17 21:57:04,427 - DEBUG - xhtml2pdf.tables - Col 0 has width 80pt
2026-08-17 21:57:04,427 - DEBUG - xhtml2pdf.tables - Col 1 has width 285pt
2026-08-17 21:57:04,427 - DEBUG - xhtml2pdf.tables - Col 2 has width 100pt
2026-08-17 21:57:04,441 - DEBUG - xhtml2pdf.tables - Col 3 has width 105pt
2026-08-17 21:57:04,441 - DEBUG - xhtml2pdf.tables - Col widths: [80.0, 285.0, 100.0, 105.0]
2026-08-17 21:57:04,443 - DEBUG - xhtml2pdf.tables - Col 0 has width 240pt
2026-08-17 21:57:04,448 - DEBUG - xhtml2pdf.tables - Col 1 has width 75pt
2026-08-17 21:57:04,448 - DEBUG - xhtml2pdf.tables - Col 2 has width 80pt
2026-08-17 21:57:04,448 - DEBUG - xhtml2pdf.tables - Col 3 has width 70pt
2026-08-17 21:57:04,450 - DEBUG - xhtml2pdf.tables - Col 0 has width 240pt
2026-08-17 21:57:04,450 - DEBUG - xhtml2pdf.tables - Col 1 has width 75pt
2026-08-17 21:57:04,450 - DEBUG - xhtml2pdf.tables - Col 2 has width 80pt
2026-08-17 21:57:04,450 - DEBUG - xhtml2pdf.tables - Col 3 has width 70pt
2026-08-17 21:57:04,450 - DEBUG - xhtml2pdf.tables - Col 0 has width 240pt
2026-08-17 21:57:04,450 - DEBUG - xhtml2pdf.tables - Col 1 has width 75pt
2026-08-17 21:57:04,457 - DEBUG - xhtml2pdf.tables - Col 2 has width 80pt
2026-08-17 21:57:04,457 - DEBUG - xhtml2pdf.tables - Col 3 has width 70pt
2026-08-17 21:57:04,457 - DEBUG - xhtml2pdf.tables - Col widths: [240.0, 75.0, 80.0, 70.0]
2026-08-17 21:57:04,460 - DEBUG - xhtml2pdf.tables - None
2026-08-17 21:57:04,460 - DEBUG - xhtml2pdf.tables - Col widths: [None]
2026-08-17 21:57:48,831 - DEBUG - xhtml2pdf.document - pisaDocument options:
  src = '<!DOCTYPE html>\n<html lang="pt-BR">\n<head>\n    <meta charset="UTF-8">\n    <style>/* ============================================\n   CSS para Relatório PDF - Controle de Obras\n   Motor: xhtml2pdf\n   ============================================ */\n\n@page {\n    size: A4;\n    margin: 1.5cm;\n}\n\n/* ==================== BASE ==================== */\n\nbody {\n    font-family: Helvetica, Arial, sans-serif;\n    font-size: 10pt;\n    color: #000000;\n    line-height: 1.4;\n}\n\n/* ==================== CABEÇALHO ==================== */\n\n.cabecalho {\n    margin-bottom: 16pt;\n    border-bottom: 2pt solid #9CA3AF;\n    padding-bottom: 10pt;\n    text-align: center;\n}\n\n.cabecalho h1 {\n    font-size: 18pt;\n    color: #000000;\n    margin: 0 0 4pt 0;\n    font-weight: 700;\n    letter-spacing: 0.5pt;\n    text-align: center;\n}\n\n.cabecalho h2 {\n    font-size: 13pt;\n    color: #000000;\n    font-weight: 600;\n    margin: 0 0 10pt 0;\n    text-align: center;\n}\n\n/* ==================== INFO OBRA ==================== */\n\n.info-obra {\n    width: 100%;\n    margin: 8pt 0;\n}\n\n.info-obra table {\n    width: 100%;\n    border-collapse: collapse;\n    border: none;\n}\n\n.info-obra td {\n    padding: 2pt 4pt;\n    border: none;\n    vertical-align: top;\n    font-size: 10pt;\n    color: #000000;\n    width: 50%;\n}\n\n.info-obra strong {\n    color: #000000;\n}\n\n.emissao {\n    text-align: right;\n    font-size: 9pt;\n    color: #6B7280;\n    margin: 8pt 0 0 0;\n    font-style: italic;\n}\n\n/* ==================== SEÇÕES ==================== */\n\n.secao {\n    margin-bottom: 16pt;\n}\n\n.secao h3 {\n    font-size: 12pt;\n    color: #000000;\n    margin: 0 0 8pt 0;\n    padding-bottom: 4pt;\n    border-bottom: 1pt solid #E5E7EB;\n    font-weight: 700;\n}\n\n/* ==================== TABELAS ==================== */\n\ntable {\n    width: 100%;\n    border-collapse: collapse;\n    margin: 8pt 0;\n    font-size: 9pt;\n}\n\nthead th {\n    background-color: #6B7280;\n    color: white;\n    padding: 5pt 3pt;\n    text-align: center;\n    font-weight: 600;\n    font-size: 9pt;\n}\n\ntbody td {\n    padding: 4pt 3pt;\n    border-bottom: 1pt solid #E5E7EB;\n    vertical-align: middle;\n}\n\ntbody tr:nth-child(even) td {\n    background-color: #F9FAFB;\n}\n\n.direita {\n    text-align: right;\n}\n\n/* ==================== TABELA RESUMO ==================== */\n\n.tabela-resumo {\n    margin: 10pt 0;\n}\n\n.tabela-resumo thead th {\n    text-align: center;\n    padding: 8pt;\n    font-size: 9pt;\n}\n\n.tabela-resumo tbody td {\n    text-align: center;\n    font-size: 11pt;\n    font-weight: 700;\n    padding: 12pt 8pt;\n    background-color: #F9FAFB;\n}\n\n/* ==================== TABELA ANEXOS ==================== */\n\n.tabela-anexos {\n    width: 100%;\n    font-size: 9pt;\n}\n\n.tabela-anexos th,\n.tabela-anexos td {\n    padding: 5pt;\n    vertical-align: middle;\n}\n\n/* ==================== RODAPÉ ==================== */\n\n.footer-table {\n    width: 100%;\n    border-top: 1pt solid #E5E7EB;\n    padding-top: 6pt;\n    margin-top: 16pt;\n}\n\n.footer-table td {\n    font-size: 8pt;\n    color: #6B7280;\n    text-align: center;\n    border: none;\n    padding: 4pt;\n}\n\n/* ==================== UTILITÁRIOS ==================== */\n\n.page-break {\n    page-break-before: always;\n}\n\n.nao-quebrar {\n    page-break-inside: avoid;\n}\n</style>\n</head>\n<body>\n    <!-- CABEÇALHO -->\n    <header class="cabecalho">\n        <h1>RELATÓRIO DA OBRA</h1>\n        <h2>Construcao de uma Ponte de 500 m</h2>\n\n        <div class="info-obra">\n            <table>\n                <tr>\n                    <td><strong>Código:</strong> 02</td>\n                    <td><strong>Cliente:</strong> Prefeitura Municipal de Baldim</td>\n                </tr>\n                <tr>\n                    <td><strong>Local:</strong> Baldim MG</td>\n                    <td><strong>Engenheiro:</strong> Fernando Alves</td>\n                </tr>\n            </table>\n        </div>\n\n        <p class="emissao">Emissão: 17/08/2026</p>\n    </header>\n\n    <!-- RESUMO FINANCEIRO -->\n    <section class="secao">\n        <h3>RESUMO FINANCEIRO</h3>\n        <table class="tabela-resumo">\n            <thead>\n                <tr>\n                    <th>Valor Contratado</th>\n                    <th>Total Aditivos</th>\n                    <th>Total Gasto</th>\n                    <th>Valor Líquido</th>\n                </tr>\n            </thead>\n            <tbody>\n                <tr>\n                    <td>R$ 301.215.230,00</td>\n                    <td>R$ 1.524.300,00</td>\n                    <td>R$ 79.383,50</td>\n                    <td>R$ 302.660.146,50</td>\n                </tr>\n            </tbody>\n        </table>\n    </section>\n\n    <!-- ADITIVOS -->\n    \n    <section class="secao">\n        <h3>ADITIVOS</h3>\n        <table width="100%" repeat="1">\n            <thead>\n                <tr>\n                    <th width="80pt" style="text-align: center;">Data</th>\n                    <th width="300pt" style="text-align: center;">Descrição</th>\n                    <th width="110pt" style="text-align: center;">Valor</th>\n                </tr>\n            </thead>\n            <tbody>\n                \n                <tr>\n                    <td width="80pt" style="text-align: left; vertical-align: middle; padding: 5pt;">17/08/2026</td>\n                    <td width="300pt" style="text-align: left; vertical-align: middle; padding: 5pt;">Aumento</td>\n                    <td width="110pt" style="text-align: right; white-space: nowrap; vertical-align: middle; padding: 5pt;">R$ 1.524.300,00</td>\n                </tr>\n                \n            </tbody>\n        </table>\n    </section>\n    \n\n    <!-- LANÇAMENTOS -->\n    \n    <section class="secao">\n        <h3>LANÇAMENTOS</h3>\n        <table width="100%" repeat="1">\n            <thead>\n                <tr>\n                    <th width="80pt" style="text-align: center;">Data</th>\n                    <th width="285pt" style="text-align: center;">Descrição</th>\n                    <th width="100pt" style="text-align: center;">Tipo</th>\n                    <th width="105pt" style="text-align: center;">Valor</th>\n                </tr>\n            </thead>\n            <tbody>\n                \n                <tr>\n                    <td width="80pt" style="text-align: left; vertical-align: middle; padding: 5pt;">17/08/2026</td>\n                    <td width="285pt" style="text-align: left; vertical-align: middle; padding: 5pt;">Teste de lancamento</td>\n                    <td width="100pt" style="text-align: left; vertical-align: middle; padding: 5pt;"></td>\n                    <td width="105pt" style="text-align: right; white-space: nowrap; vertical-align: middle; padding: 5pt;">R$ 100,50</td>\n                </tr>\n                \n                <tr>\n                    <td width="80pt" style="text-align: left; vertical-align: middle; padding: 5pt;">17/08/2026</td>\n                    <td width="285pt" style="text-align: left; vertical-align: middle; padding: 5pt;">Ferro</td>\n                    <td width="100pt" style="text-align: left; vertical-align: middle; padding: 5pt;">Material</td>\n                    <td width="105pt" style="text-align: right; white-space: nowrap; vertical-align: middle; padding: 5pt;">R$ 33,00</td>\n                </tr>\n                \n                <tr>\n                    <td width="80pt" style="text-align: left; vertical-align: middle; padding: 5pt;">10/08/2026</td>\n                    <td width="285pt" style="text-align: left; vertical-align: middle; padding: 5pt;">Combustível</td>\n                    <td width="100pt" style="text-align: left; vertical-align: middle; padding: 5pt;">Outros</td>\n                    <td width="105pt" style="text-align: right; white-space: nowrap; vertical-align: middle; padding: 5pt;">R$ 32.550,00</td>\n                </tr>\n                \n                <tr>\n                    <td width="80pt" style="text-align: left; vertical-align: middle; padding: 5pt;">08/08/2026</td>\n                    <td width="285pt" style="text-align: left; vertical-align: middle; padding: 5pt;">Sinalização viária</td>\n                    <td width="100pt" style="text-align: left; vertical-align: middle; padding: 5pt;">Material</td>\n                    <td width="105pt" style="text-align: right; white-space: nowrap; vertical-align: middle; padding: 5pt;">R$ 2.800,00</td>\n                </tr>\n                \n                <tr>\n                    <td width="80pt" style="text-align: left; vertical-align: middle; padding: 5pt;">07/08/2026</td>\n                    <td width="285pt" style="text-align: left; vertical-align: middle; padding: 5pt;">Tubo de drenagem PVC</td>\n                    <td width="100pt" style="text-align: left; vertical-align: middle; padding: 5pt;">Material</td>\n                    <td width="105pt" style="text-align: right; white-space: nowrap; vertical-align: middle; padding: 5pt;">R$ 3.400,00</td>\n                </tr>\n                \n                <tr>\n                    <td width="80pt" style="text-align: left; vertical-align: middle; padding: 5pt;">05/08/2026</td>\n                    <td width="285pt" style="text-align: left; vertical-align: middle; padding: 5pt;">Operador de máquinas</td>\n                    <td width="100pt" style="text-align: left; vertical-align: middle; padding: 5pt;">Mão de obra</td>\n                    <td width="105pt" style="text-align: right; white-space: nowrap; vertical-align: middle; padding: 5pt;">R$ 2.000,00</td>\n                </tr>\n                \n                <tr>\n                    <td width="80pt" style="text-align: left; vertical-align: middle; padding: 5pt;">04/08/2026</td>\n                    <td width="285pt" style="text-align: left; vertical-align: middle; padding: 5pt;">Compactação do solo</td>\n                    <td width="100pt" style="text-align: left; vertical-align: middle; padding: 5pt;">Serviço</td>\n                    <td width="105pt" style="text-align: right; white-space: nowrap; vertical-align: middle; padding: 5pt;">R$ 4.500,00</td>\n                </tr>\n                \n                <tr>\n                    <td width="80pt" style="text-align: left; vertical-align: middle; padding: 5pt;">02/08/2026</td>\n                    <td width="285pt" style="text-align: left; vertical-align: middle; padding: 5pt;">Brita para base</td>\n                    <td width="100pt" style="text-align: left; vertical-align: middle; padding: 5pt;">Material</td>\n                    <td width="105pt" style="text-align: right; white-space: nowrap; vertical-align: middle; padding: 5pt;">R$ 34.000,00</td>\n                </tr>\n                \n            </tbody>\n        </table>\n    </section>\n    \n\n    <!-- ANEXOS -->\n    \n    <section class="secao">\n        <h3>ANEXOS</h3>\n        <table class="tabela-anexos" width="100%" repeat="1">\n            <thead>\n                <tr>\n                    <th width="240pt" style="text-align: center;">Nome</th>\n                    <th width="75pt" style="text-align: center;">Tipo</th>\n                    <th width="80pt" style="text-align: center;">Data</th>\n                    <th width="70pt" style="text-align: center;">Tamanho</th>\n                </tr>\n            </thead>\n            <tbody>\n                \n                <tr>\n                    <td width="240pt" style="text-align: left; vertical-align: middle; padding: 5pt;">relatorio_projecao_financeira_20260801.pdf</td>\n                    <td width="75pt" style="text-align: left; vertical-align: middle; padding: 5pt;">Documento</td>\n                    <td width="80pt" style="text-align: left; vertical-align: middle; padding: 5pt;">17/08/2026</td>\n                    <td width="70pt" style="text-align: right; vertical-align: middle; padding: 5pt;">1.7 KB</td>\n                </tr>\n                \n                <tr>\n                    <td width="240pt" style="text-align: left; vertical-align: middle; padding: 5pt;">Oficio_NB0_108_-_Solicitacao_de_processo_indenizatorio_assinado_assinado.pdf</td>\n                    <td width="75pt" style="text-align: left; vertical-align: middle; padding: 5pt;">Documento</td>\n                    <td width="80pt" style="text-align: left; vertical-align: middle; padding: 5pt;">17/08/2026</td>\n                    <td width="70pt" style="text-align: right; vertical-align: middle; padding: 5pt;">160.2 KB</td>\n                </tr>\n                \n            </tbody>\n        </table>\n    </section>\n    \n\n    <!-- ASSINATURA -->\n    <section class="secao" style="margin-top: 20pt;">\n        <table width="100%" style="border: none;">\n            <tr>\n                <td style="border: none; text-align: center;">\n                    <p style="font-size: 10pt; color: #000000; margin-bottom: 4pt;">____________________________________</p>\n                    <p style="font-size: 11pt; font-weight: 700; color: #000000; margin: 0;">Cassio Reis</p>\n                    <p style="font-size: 9pt; color: #6B7280; margin: 2pt 0 0 0;">Responsável Legal</p>\n                    \n                    <p style="font-size: 8pt; color: #6B7280; margin: 2pt 0 0 0;">CNPJ: 115322152000136</p>\n                    \n                </td>\n            </tr>\n        </table>\n    </section>\n\n    <!-- RODAPÉ -->\n    <footer style="text-align: center; font-size: 8pt; color: #6B7280; margin-top: 16pt;">\n        <p>Página <pdf:pagenumber/> de <pdf:pagecount/></p>\n    </footer>\n</body>\n</html>'
  dest = <_io.BufferedRandom name='C:\\Users\\cassi\\OneDrive\\Documentos\\Controle de Obras\\reports\\obras\\relatorio_obra_02_20260817_215748.pdf'>
  path = ''
  link_callback = None
  xhtml = False
  context_meta = None
2026-08-17 21:57:48,851 - DEBUG - xhtml2pdf.tables - Col 0 has width 50%
2026-08-17 21:57:48,851 - DEBUG - xhtml2pdf.tables - Col 1 has width 50%
2026-08-17 21:57:48,851 - DEBUG - xhtml2pdf.tables - Col 0 has width 50%
2026-08-17 21:57:48,851 - DEBUG - xhtml2pdf.tables - Col 1 has width 50%
2026-08-17 21:57:48,851 - DEBUG - xhtml2pdf.tables - Col widths: ['50%', '50%']
2026-08-17 21:57:48,867 - DEBUG - xhtml2pdf.tables - None
2026-08-17 21:57:48,867 - DEBUG - xhtml2pdf.tables - None
2026-08-17 21:57:48,867 - DEBUG - xhtml2pdf.tables - None
2026-08-17 21:57:48,867 - DEBUG - xhtml2pdf.tables - None
2026-08-17 21:57:48,871 - DEBUG - xhtml2pdf.tables - None
2026-08-17 21:57:48,871 - DEBUG - xhtml2pdf.tables - None
2026-08-17 21:57:48,871 - DEBUG - xhtml2pdf.tables - None
2026-08-17 21:57:48,871 - DEBUG - xhtml2pdf.tables - None
2026-08-17 21:57:48,871 - DEBUG - xhtml2pdf.tables - Col widths: [None, None, None, None]
2026-08-17 21:57:48,875 - DEBUG - xhtml2pdf.tables - Col 0 has width 80pt
2026-08-17 21:57:48,875 - DEBUG - xhtml2pdf.tables - Col 1 has width 300pt
2026-08-17 21:57:48,875 - DEBUG - xhtml2pdf.tables - Col 2 has width 110pt
2026-08-17 21:57:48,878 - DEBUG - xhtml2pdf.tables - Col 0 has width 80pt
2026-08-17 21:57:48,879 - DEBUG - xhtml2pdf.tables - Col 1 has width 300pt
2026-08-17 21:57:48,880 - DEBUG - xhtml2pdf.tables - Col 2 has width 110pt
2026-08-17 21:57:48,882 - DEBUG - xhtml2pdf.tables - Col widths: [80.0, 300.0, 110.0]
2026-08-17 21:57:48,886 - DEBUG - xhtml2pdf.tables - Col 0 has width 80pt
2026-08-17 21:57:48,886 - DEBUG - xhtml2pdf.tables - Col 1 has width 285pt
2026-08-17 21:57:48,886 - DEBUG - xhtml2pdf.tables - Col 2 has width 100pt
2026-08-17 21:57:48,886 - DEBUG - xhtml2pdf.tables - Col 3 has width 105pt
2026-08-17 21:57:48,888 - DEBUG - xhtml2pdf.tables - Col 0 has width 80pt
2026-08-17 21:57:48,888 - DEBUG - xhtml2pdf.tables - Col 1 has width 285pt
2026-08-17 21:57:48,888 - DEBUG - xhtml2pdf.tables - Col 2 has width 100pt
2026-08-17 21:57:48,890 - DEBUG - xhtml2pdf.tables - Col 3 has width 105pt
2026-08-17 21:57:48,892 - DEBUG - xhtml2pdf.tables - Col 0 has width 80pt
2026-08-17 21:57:48,892 - DEBUG - xhtml2pdf.tables - Col 1 has width 285pt
2026-08-17 21:57:48,892 - DEBUG - xhtml2pdf.tables - Col 2 has width 100pt
2026-08-17 21:57:48,892 - DEBUG - xhtml2pdf.tables - Col 3 has width 105pt
2026-08-17 21:57:48,895 - DEBUG - xhtml2pdf.tables - Col 0 has width 80pt
2026-08-17 21:57:48,895 - DEBUG - xhtml2pdf.tables - Col 1 has width 285pt
2026-08-17 21:57:48,895 - DEBUG - xhtml2pdf.tables - Col 2 has width 100pt
2026-08-17 21:57:48,896 - DEBUG - xhtml2pdf.tables - Col 3 has width 105pt
2026-08-17 21:57:48,898 - DEBUG - xhtml2pdf.tables - Col 0 has width 80pt
2026-08-17 21:57:48,898 - DEBUG - xhtml2pdf.tables - Col 1 has width 285pt
2026-08-17 21:57:48,898 - DEBUG - xhtml2pdf.tables - Col 2 has width 100pt
2026-08-17 21:57:48,898 - DEBUG - xhtml2pdf.tables - Col 3 has width 105pt
2026-08-17 21:57:48,898 - DEBUG - xhtml2pdf.tables - Col 0 has width 80pt
2026-08-17 21:57:48,898 - DEBUG - xhtml2pdf.tables - Col 1 has width 285pt
2026-08-17 21:57:48,898 - DEBUG - xhtml2pdf.tables - Col 2 has width 100pt
2026-08-17 21:57:48,898 - DEBUG - xhtml2pdf.tables - Col 3 has width 105pt
2026-08-17 21:57:48,898 - DEBUG - xhtml2pdf.tables - Col 0 has width 80pt
2026-08-17 21:57:48,898 - DEBUG - xhtml2pdf.tables - Col 1 has width 285pt
2026-08-17 21:57:48,898 - DEBUG - xhtml2pdf.tables - Col 2 has width 100pt
2026-08-17 21:57:48,898 - DEBUG - xhtml2pdf.tables - Col 3 has width 105pt
2026-08-17 21:57:48,898 - DEBUG - xhtml2pdf.tables - Col 0 has width 80pt
2026-08-17 21:57:48,898 - DEBUG - xhtml2pdf.tables - Col 1 has width 285pt
2026-08-17 21:57:48,898 - DEBUG - xhtml2pdf.tables - Col 2 has width 100pt
2026-08-17 21:57:48,898 - DEBUG - xhtml2pdf.tables - Col 3 has width 105pt
2026-08-17 21:57:48,912 - DEBUG - xhtml2pdf.tables - Col 0 has width 80pt
2026-08-17 21:57:48,912 - DEBUG - xhtml2pdf.tables - Col 1 has width 285pt
2026-08-17 21:57:48,912 - DEBUG - xhtml2pdf.tables - Col 2 has width 100pt
2026-08-17 21:57:48,913 - DEBUG - xhtml2pdf.tables - Col 3 has width 105pt
2026-08-17 21:57:48,913 - DEBUG - xhtml2pdf.tables - Col widths: [80.0, 285.0, 100.0, 105.0]
2026-08-17 21:57:48,917 - DEBUG - xhtml2pdf.tables - Col 0 has width 240pt
2026-08-17 21:57:48,917 - DEBUG - xhtml2pdf.tables - Col 1 has width 75pt
2026-08-17 21:57:48,917 - DEBUG - xhtml2pdf.tables - Col 2 has width 80pt
2026-08-17 21:57:48,917 - DEBUG - xhtml2pdf.tables - Col 3 has width 70pt
2026-08-17 21:57:48,917 - DEBUG - xhtml2pdf.tables - Col 0 has width 240pt
2026-08-17 21:57:48,917 - DEBUG - xhtml2pdf.tables - Col 1 has width 75pt
2026-08-17 21:57:48,917 - DEBUG - xhtml2pdf.tables - Col 2 has width 80pt
2026-08-17 21:57:48,917 - DEBUG - xhtml2pdf.tables - Col 3 has width 70pt
2026-08-17 21:57:48,917 - DEBUG - xhtml2pdf.tables - Col 0 has width 240pt
2026-08-17 21:57:48,917 - DEBUG - xhtml2pdf.tables - Col 1 has width 75pt
2026-08-17 21:57:48,917 - DEBUG - xhtml2pdf.tables - Col 2 has width 80pt
2026-08-17 21:57:48,917 - DEBUG - xhtml2pdf.tables - Col 3 has width 70pt
2026-08-17 21:57:48,917 - DEBUG - xhtml2pdf.tables - Col widths: [240.0, 75.0, 80.0, 70.0]
2026-08-17 21:57:48,932 - DEBUG - xhtml2pdf.tables - None
2026-08-17 21:57:48,932 - DEBUG - xhtml2pdf.tables - Col widths: [None]
2026-08-17 22:03:58,076 - INFO - controle_obras.main - Iniciando aplicacao Controle de Obras
2026-08-17 22:03:58,103 - INFO - controle_obras.main - QApplication criado
2026-08-17 22:03:58,231 - INFO - controle_obras.main - AppContainer criado
2026-08-17 22:03:58,736 - INFO - controle_obras.main - Janela exibida
2026-08-17 22:04:00,917 - DEBUG - xhtml2pdf.document - pisaDocument options:
  src = '<!DOCTYPE html>\n<html lang="pt-BR">\n<head>\n    <meta charset="UTF-8">\n    <style>/* ============================================\n   CSS para Relatório PDF - Controle de Obras\n   Motor: xhtml2pdf\n   ============================================ */\n\n@page {\n    size: A4;\n    margin: 1.5cm;\n}\n\n/* ==================== BASE ==================== */\n\nbody {\n    font-family: Helvetica, Arial, sans-serif;\n    font-size: 10pt;\n    color: #000000;\n    line-height: 1.4;\n}\n\n/* ==================== CABEÇALHO ==================== */\n\n.cabecalho {\n    margin-bottom: 16pt;\n    border-bottom: 2pt solid #9CA3AF;\n    padding-bottom: 10pt;\n    text-align: center;\n}\n\n.cabecalho h1 {\n    font-size: 18pt;\n    color: #000000;\n    margin: 0 0 4pt 0;\n    font-weight: 700;\n    letter-spacing: 0.5pt;\n    text-align: center;\n}\n\n.cabecalho h2 {\n    font-size: 13pt;\n    color: #000000;\n    font-weight: 600;\n    margin: 0 0 10pt 0;\n    text-align: center;\n}\n\n/* ==================== INFO OBRA ==================== */\n\n.info-obra {\n    width: 100%;\n    margin: 8pt 0;\n}\n\n.info-obra table {\n    width: 100%;\n    border-collapse: collapse;\n    border: none;\n}\n\n.info-obra td {\n    padding: 2pt 4pt;\n    border: none;\n    vertical-align: top;\n    font-size: 10pt;\n    color: #000000;\n    width: 50%;\n}\n\n.info-obra strong {\n    color: #000000;\n}\n\n.emissao {\n    text-align: right;\n    font-size: 9pt;\n    color: #6B7280;\n    margin: 8pt 0 0 0;\n    font-style: italic;\n}\n\n/* ==================== SEÇÕES ==================== */\n\n.secao {\n    margin-bottom: 16pt;\n}\n\n.secao h3 {\n    font-size: 12pt;\n    color: #000000;\n    margin: 0 0 8pt 0;\n    padding-bottom: 4pt;\n    border-bottom: 1pt solid #E5E7EB;\n    font-weight: 700;\n}\n\n/* ==================== TABELAS ==================== */\n\ntable {\n    width: 100%;\n    border-collapse: collapse;\n    margin: 8pt 0;\n    font-size: 9pt;\n}\n\nthead th {\n    background-color: #6B7280;\n    color: white;\n    padding: 5pt 3pt;\n    text-align: center;\n    font-weight: 600;\n    font-size: 9pt;\n}\n\ntbody td {\n    padding: 4pt 3pt;\n    border-bottom: 1pt solid #E5E7EB;\n    vertical-align: middle;\n}\n\ntbody tr:nth-child(even) td {\n    background-color: #F9FAFB;\n}\n\n.direita {\n    text-align: right;\n}\n\n/* ==================== TABELA RESUMO ==================== */\n\n.tabela-resumo {\n    margin: 10pt 0;\n}\n\n.tabela-resumo thead th {\n    text-align: center;\n    padding: 8pt;\n    font-size: 9pt;\n}\n\n.tabela-resumo tbody td {\n    text-align: center;\n    font-size: 11pt;\n    font-weight: 700;\n    padding: 12pt 8pt;\n    background-color: #F9FAFB;\n}\n\n/* ==================== TABELA ANEXOS ==================== */\n\n.tabela-anexos {\n    width: 100%;\n    font-size: 9pt;\n}\n\n.tabela-anexos th,\n.tabela-anexos td {\n    padding: 5pt;\n    vertical-align: middle;\n}\n\n/* ==================== RODAPÉ ==================== */\n\n.footer-table {\n    width: 100%;\n    border-top: 1pt solid #E5E7EB;\n    padding-top: 6pt;\n    margin-top: 16pt;\n}\n\n.footer-table td {\n    font-size: 8pt;\n    color: #6B7280;\n    text-align: center;\n    border: none;\n    padding: 4pt;\n}\n\n/* ==================== UTILITÁRIOS ==================== */\n\n.page-break {\n    page-break-before: always;\n}\n\n.nao-quebrar {\n    page-break-inside: avoid;\n}\n</style>\n</head>\n<body>\n    <!-- CABEÇALHO -->\n    <header class="cabecalho">\n        <h1>RELATÓRIO DA OBRA</h1>\n        <h2>Construcao de uma Ponte de 500 m</h2>\n\n        <div class="info-obra">\n            <table>\n                <tr>\n                    <td><strong>Código:</strong> 02</td>\n                    <td><strong>Cliente:</strong> Prefeitura Municipal de Baldim</td>\n                </tr>\n                <tr>\n                    <td><strong>Local:</strong> Baldim MG</td>\n                    <td><strong>Engenheiro:</strong> Fernando Alves</td>\n                </tr>\n            </table>\n        </div>\n\n        <p class="emissao">Emissão: 17/08/2026</p>\n    </header>\n\n    <!-- RESUMO FINANCEIRO -->\n    <section class="secao">\n        <h3>RESUMO FINANCEIRO</h3>\n        <table class="tabela-resumo">\n            <thead>\n                <tr>\n                    <th>Valor Contratado</th>\n                    <th>Total Aditivos</th>\n                    <th>Total Gasto</th>\n                    <th>Valor Líquido</th>\n                </tr>\n            </thead>\n            <tbody>\n                <tr>\n                    <td>R$ 301.215.230,00</td>\n                    <td>R$ 1.524.300,00</td>\n                    <td>R$ 79.383,50</td>\n                    <td>R$ 302.660.146,50</td>\n                </tr>\n            </tbody>\n        </table>\n    </section>\n\n    <!-- ADITIVOS -->\n    \n    <section class="secao">\n        <h3>ADITIVOS</h3>\n        <table width="100%" repeat="1">\n            <thead>\n                <tr>\n                    <th width="80pt" style="text-align: center;">Data</th>\n                    <th width="300pt" style="text-align: center;">Descrição</th>\n                    <th width="110pt" style="text-align: center;">Valor</th>\n                </tr>\n            </thead>\n            <tbody>\n                \n                <tr>\n                    <td width="80pt" style="text-align: left; vertical-align: middle; padding: 5pt;">17/08/2026</td>\n                    <td width="300pt" style="text-align: left; vertical-align: middle; padding: 5pt;">Aumento</td>\n                    <td width="110pt" style="text-align: right; white-space: nowrap; vertical-align: middle; padding: 5pt;">R$ 1.524.300,00</td>\n                </tr>\n                \n            </tbody>\n        </table>\n    </section>\n    \n\n    <!-- LANÇAMENTOS -->\n    \n    <section class="secao">\n        <h3>LANÇAMENTOS</h3>\n        <table width="100%" repeat="1">\n            <thead>\n                <tr>\n                    <th width="80pt" style="text-align: center;">Data</th>\n                    <th width="285pt" style="text-align: center;">Descrição</th>\n                    <th width="100pt" style="text-align: center;">Tipo</th>\n                    <th width="105pt" style="text-align: center;">Valor</th>\n                </tr>\n            </thead>\n            <tbody>\n                \n                <tr>\n                    <td width="80pt" style="text-align: left; vertical-align: middle; padding: 5pt;">17/08/2026</td>\n                    <td width="285pt" style="text-align: left; vertical-align: middle; padding: 5pt;">Teste de lancamento</td>\n                    <td width="100pt" style="text-align: left; vertical-align: middle; padding: 5pt;"></td>\n                    <td width="105pt" style="text-align: right; white-space: nowrap; vertical-align: middle; padding: 5pt;">R$ 100,50</td>\n                </tr>\n                \n                <tr>\n                    <td width="80pt" style="text-align: left; vertical-align: middle; padding: 5pt;">17/08/2026</td>\n                    <td width="285pt" style="text-align: left; vertical-align: middle; padding: 5pt;">Ferro</td>\n                    <td width="100pt" style="text-align: left; vertical-align: middle; padding: 5pt;">Material</td>\n                    <td width="105pt" style="text-align: right; white-space: nowrap; vertical-align: middle; padding: 5pt;">R$ 33,00</td>\n                </tr>\n                \n                <tr>\n                    <td width="80pt" style="text-align: left; vertical-align: middle; padding: 5pt;">10/08/2026</td>\n                    <td width="285pt" style="text-align: left; vertical-align: middle; padding: 5pt;">Combustível</td>\n                    <td width="100pt" style="text-align: left; vertical-align: middle; padding: 5pt;">Outros</td>\n                    <td width="105pt" style="text-align: right; white-space: nowrap; vertical-align: middle; padding: 5pt;">R$ 32.550,00</td>\n                </tr>\n                \n                <tr>\n                    <td width="80pt" style="text-align: left; vertical-align: middle; padding: 5pt;">08/08/2026</td>\n                    <td width="285pt" style="text-align: left; vertical-align: middle; padding: 5pt;">Sinalização viária</td>\n                    <td width="100pt" style="text-align: left; vertical-align: middle; padding: 5pt;">Material</td>\n                    <td width="105pt" style="text-align: right; white-space: nowrap; vertical-align: middle; padding: 5pt;">R$ 2.800,00</td>\n                </tr>\n                \n                <tr>\n                    <td width="80pt" style="text-align: left; vertical-align: middle; padding: 5pt;">07/08/2026</td>\n                    <td width="285pt" style="text-align: left; vertical-align: middle; padding: 5pt;">Tubo de drenagem PVC</td>\n                    <td width="100pt" style="text-align: left; vertical-align: middle; padding: 5pt;">Material</td>\n                    <td width="105pt" style="text-align: right; white-space: nowrap; vertical-align: middle; padding: 5pt;">R$ 3.400,00</td>\n                </tr>\n                \n                <tr>\n                    <td width="80pt" style="text-align: left; vertical-align: middle; padding: 5pt;">05/08/2026</td>\n                    <td width="285pt" style="text-align: left; vertical-align: middle; padding: 5pt;">Operador de máquinas</td>\n                    <td width="100pt" style="text-align: left; vertical-align: middle; padding: 5pt;">Mão de obra</td>\n                    <td width="105pt" style="text-align: right; white-space: nowrap; vertical-align: middle; padding: 5pt;">R$ 2.000,00</td>\n                </tr>\n                \n                <tr>\n                    <td width="80pt" style="text-align: left; vertical-align: middle; padding: 5pt;">04/08/2026</td>\n                    <td width="285pt" style="text-align: left; vertical-align: middle; padding: 5pt;">Compactação do solo</td>\n                    <td width="100pt" style="text-align: left; vertical-align: middle; padding: 5pt;">Serviço</td>\n                    <td width="105pt" style="text-align: right; white-space: nowrap; vertical-align: middle; padding: 5pt;">R$ 4.500,00</td>\n                </tr>\n                \n                <tr>\n                    <td width="80pt" style="text-align: left; vertical-align: middle; padding: 5pt;">02/08/2026</td>\n                    <td width="285pt" style="text-align: left; vertical-align: middle; padding: 5pt;">Brita para base</td>\n                    <td width="100pt" style="text-align: left; vertical-align: middle; padding: 5pt;">Material</td>\n                    <td width="105pt" style="text-align: right; white-space: nowrap; vertical-align: middle; padding: 5pt;">R$ 34.000,00</td>\n                </tr>\n                \n            </tbody>\n        </table>\n    </section>\n    \n\n    <!-- ANEXOS -->\n    \n    <section class="secao">\n        <h3>ANEXOS</h3>\n        <table class="tabela-anexos" width="100%" repeat="1">\n            <thead>\n                <tr>\n                    <th width="240pt" style="text-align: center;">Nome</th>\n                    <th width="75pt" style="text-align: center;">Tipo</th>\n                    <th width="80pt" style="text-align: center;">Data</th>\n                    <th width="70pt" style="text-align: center;">Tamanho</th>\n                </tr>\n            </thead>\n            <tbody>\n                \n                <tr>\n                    <td width="240pt" style="text-align: left; vertical-align: middle; padding: 5pt;">relatorio_projecao_financeira_20260801.pdf</td>\n                    <td width="75pt" style="text-align: left; vertical-align: middle; padding: 5pt;">Documento</td>\n                    <td width="80pt" style="text-align: left; vertical-align: middle; padding: 5pt;">17/08/2026</td>\n                    <td width="70pt" style="text-align: right; vertical-align: middle; padding: 5pt;">1.7 KB</td>\n                </tr>\n                \n                <tr>\n                    <td width="240pt" style="text-align: left; vertical-align: middle; padding: 5pt;">Oficio_NB0_108_-_Solicitacao_de_processo_indenizatorio_assinado_assinado.pdf</td>\n                    <td width="75pt" style="text-align: left; vertical-align: middle; padding: 5pt;">Documento</td>\n                    <td width="80pt" style="text-align: left; vertical-align: middle; padding: 5pt;">17/08/2026</td>\n                    <td width="70pt" style="text-align: right; vertical-align: middle; padding: 5pt;">160.2 KB</td>\n                </tr>\n                \n            </tbody>\n        </table>\n    </section>\n    \n\n    <!-- ASSINATURA -->\n    <section class="secao" style="margin-top: 20pt;">\n        <table width="100%" style="border: none;">\n            <tr>\n                <td style="border: none; text-align: center;">\n                    <p style="font-size: 10pt; color: #000000; margin-bottom: 4pt;">____________________________________</p>\n                    <p style="font-size: 11pt; font-weight: 700; color: #000000; margin: 0;">Cassio Reis</p>\n                    <p style="font-size: 9pt; color: #6B7280; margin: 2pt 0 0 0;">Responsável Legal</p>\n                    \n                    <p style="font-size: 8pt; color: #6B7280; margin: 2pt 0 0 0;">CNPJ: 115322152000136</p>\n                    \n                </td>\n            </tr>\n        </table>\n    </section>\n\n    <!-- RODAPÉ -->\n    <footer style="text-align: center; font-size: 8pt; color: #6B7280; margin-top: 16pt;">\n        <p>Página <pdf:pagenumber/> de <pdf:pagecount/></p>\n    </footer>\n</body>\n</html>'
  dest = <_io.BufferedRandom name='C:\\Users\\cassi\\OneDrive\\Documentos\\Controle de Obras\\reports\\obras\\relatorio_obra_02_20260817_220400.pdf'>
  path = ''
  link_callback = None
  xhtml = False
  context_meta = None
2026-08-17 22:04:00,949 - DEBUG - xhtml2pdf.tables - Col 0 has width 50%
2026-08-17 22:04:00,949 - DEBUG - xhtml2pdf.tables - Col 1 has width 50%
2026-08-17 22:04:00,949 - DEBUG - xhtml2pdf.tables - Col 0 has width 50%
2026-08-17 22:04:00,949 - DEBUG - xhtml2pdf.tables - Col 1 has width 50%
2026-08-17 22:04:00,949 - DEBUG - xhtml2pdf.tables - Col widths: ['50%', '50%']
2026-08-17 22:04:00,965 - DEBUG - xhtml2pdf.tables - None
2026-08-17 22:04:00,965 - DEBUG - xhtml2pdf.tables - None
2026-08-17 22:04:00,965 - DEBUG - xhtml2pdf.tables - None
2026-08-17 22:04:00,965 - DEBUG - xhtml2pdf.tables - None
2026-08-17 22:04:00,965 - DEBUG - xhtml2pdf.tables - None
2026-08-17 22:04:00,965 - DEBUG - xhtml2pdf.tables - None
2026-08-17 22:04:00,965 - DEBUG - xhtml2pdf.tables - None
2026-08-17 22:04:00,965 - DEBUG - xhtml2pdf.tables - None
2026-08-17 22:04:00,965 - DEBUG - xhtml2pdf.tables - Col widths: [None, None, None, None]
2026-08-17 22:04:00,973 - DEBUG - xhtml2pdf.tables - Col 0 has width 80pt
2026-08-17 22:04:00,973 - DEBUG - xhtml2pdf.tables - Col 1 has width 300pt
2026-08-17 22:04:00,973 - DEBUG - xhtml2pdf.tables - Col 2 has width 110pt
2026-08-17 22:04:00,973 - DEBUG - xhtml2pdf.tables - Col 0 has width 80pt
2026-08-17 22:04:00,973 - DEBUG - xhtml2pdf.tables - Col 1 has width 300pt
2026-08-17 22:04:00,981 - DEBUG - xhtml2pdf.tables - Col 2 has width 110pt
2026-08-17 22:04:00,981 - DEBUG - xhtml2pdf.tables - Col widths: [80.0, 300.0, 110.0]
2026-08-17 22:04:00,984 - DEBUG - xhtml2pdf.tables - Col 0 has width 80pt
2026-08-17 22:04:00,984 - DEBUG - xhtml2pdf.tables - Col 1 has width 285pt
2026-08-17 22:04:00,984 - DEBUG - xhtml2pdf.tables - Col 2 has width 100pt
2026-08-17 22:04:00,984 - DEBUG - xhtml2pdf.tables - Col 3 has width 105pt
2026-08-17 22:04:00,984 - DEBUG - xhtml2pdf.tables - Col 0 has width 80pt
2026-08-17 22:04:00,984 - DEBUG - xhtml2pdf.tables - Col 1 has width 285pt
2026-08-17 22:04:00,984 - DEBUG - xhtml2pdf.tables - Col 2 has width 100pt
2026-08-17 22:04:00,984 - DEBUG - xhtml2pdf.tables - Col 3 has width 105pt
2026-08-17 22:04:00,995 - DEBUG - xhtml2pdf.tables - Col 0 has width 80pt
2026-08-17 22:04:00,995 - DEBUG - xhtml2pdf.tables - Col 1 has width 285pt
2026-08-17 22:04:00,995 - DEBUG - xhtml2pdf.tables - Col 2 has width 100pt
2026-08-17 22:04:00,999 - DEBUG - xhtml2pdf.tables - Col 3 has width 105pt
2026-08-17 22:04:01,001 - DEBUG - xhtml2pdf.tables - Col 0 has width 80pt
2026-08-17 22:04:01,001 - DEBUG - xhtml2pdf.tables - Col 1 has width 285pt
2026-08-17 22:04:01,001 - DEBUG - xhtml2pdf.tables - Col 2 has width 100pt
2026-08-17 22:04:01,004 - DEBUG - xhtml2pdf.tables - Col 3 has width 105pt
2026-08-17 22:04:01,007 - DEBUG - xhtml2pdf.tables - Col 0 has width 80pt
2026-08-17 22:04:01,007 - DEBUG - xhtml2pdf.tables - Col 1 has width 285pt
2026-08-17 22:04:01,007 - DEBUG - xhtml2pdf.tables - Col 2 has width 100pt
2026-08-17 22:04:01,009 - DEBUG - xhtml2pdf.tables - Col 3 has width 105pt
2026-08-17 22:04:01,013 - DEBUG - xhtml2pdf.tables - Col 0 has width 80pt
2026-08-17 22:04:01,013 - DEBUG - xhtml2pdf.tables - Col 1 has width 285pt
2026-08-17 22:04:01,013 - DEBUG - xhtml2pdf.tables - Col 2 has width 100pt
2026-08-17 22:04:01,015 - DEBUG - xhtml2pdf.tables - Col 3 has width 105pt
2026-08-17 22:04:01,015 - DEBUG - xhtml2pdf.tables - Col 0 has width 80pt
2026-08-17 22:04:01,017 - DEBUG - xhtml2pdf.tables - Col 1 has width 285pt
2026-08-17 22:04:01,017 - DEBUG - xhtml2pdf.tables - Col 2 has width 100pt
2026-08-17 22:04:01,019 - DEBUG - xhtml2pdf.tables - Col 3 has width 105pt
2026-08-17 22:04:01,019 - DEBUG - xhtml2pdf.tables - Col 0 has width 80pt
2026-08-17 22:04:01,019 - DEBUG - xhtml2pdf.tables - Col 1 has width 285pt
2026-08-17 22:04:01,019 - DEBUG - xhtml2pdf.tables - Col 2 has width 100pt
2026-08-17 22:04:01,019 - DEBUG - xhtml2pdf.tables - Col 3 has width 105pt
2026-08-17 22:04:01,019 - DEBUG - xhtml2pdf.tables - Col 0 has width 80pt
2026-08-17 22:04:01,019 - DEBUG - xhtml2pdf.tables - Col 1 has width 285pt
2026-08-17 22:04:01,019 - DEBUG - xhtml2pdf.tables - Col 2 has width 100pt
2026-08-17 22:04:01,019 - DEBUG - xhtml2pdf.tables - Col 3 has width 105pt
2026-08-17 22:04:01,019 - DEBUG - xhtml2pdf.tables - Col widths: [80.0, 285.0, 100.0, 105.0]
2026-08-17 22:04:01,029 - DEBUG - xhtml2pdf.tables - Col 0 has width 240pt
2026-08-17 22:04:01,029 - DEBUG - xhtml2pdf.tables - Col 1 has width 75pt
2026-08-17 22:04:01,029 - DEBUG - xhtml2pdf.tables - Col 2 has width 80pt
2026-08-17 22:04:01,029 - DEBUG - xhtml2pdf.tables - Col 3 has width 70pt
2026-08-17 22:04:01,029 - DEBUG - xhtml2pdf.tables - Col 0 has width 240pt
2026-08-17 22:04:01,029 - DEBUG - xhtml2pdf.tables - Col 1 has width 75pt
2026-08-17 22:04:01,029 - DEBUG - xhtml2pdf.tables - Col 2 has width 80pt
2026-08-17 22:04:01,035 - DEBUG - xhtml2pdf.tables - Col 3 has width 70pt
2026-08-17 22:04:01,035 - DEBUG - xhtml2pdf.tables - Col 0 has width 240pt
2026-08-17 22:04:01,035 - DEBUG - xhtml2pdf.tables - Col 1 has width 75pt
2026-08-17 22:04:01,035 - DEBUG - xhtml2pdf.tables - Col 2 has width 80pt
2026-08-17 22:04:01,035 - DEBUG - xhtml2pdf.tables - Col 3 has width 70pt
2026-08-17 22:04:01,035 - DEBUG - xhtml2pdf.tables - Col widths: [240.0, 75.0, 80.0, 70.0]
2026-08-17 22:04:01,045 - DEBUG - xhtml2pdf.tables - None
2026-08-17 22:04:01,045 - DEBUG - xhtml2pdf.tables - Col widths: [None]
2026-08-18 10:52:06,119 - INFO - controle_obras.main - Iniciando aplicacao Controle de Obras
2026-08-18 10:52:06,256 - INFO - controle_obras.main - QApplication criado
2026-08-18 10:52:06,983 - INFO - controle_obras.main - AppContainer criado
2026-08-18 10:52:07,568 - INFO - controle_obras.main - Janela exibida
2026-08-18 11:34:05,969 - INFO - controle_obras.main - Iniciando aplicacao Controle de Obras
2026-08-18 11:34:06,169 - INFO - controle_obras.main - QApplication criado
2026-08-18 11:34:07,188 - INFO - controle_obras.main - AppContainer criado
2026-08-18 11:34:07,937 - INFO - controle_obras.main - Janela exibida
2026-08-18 11:36:18,117 - INFO - controle_obras.main - Iniciando aplicacao Controle de Obras
2026-08-18 11:36:18,152 - INFO - controle_obras.main - QApplication criado
2026-08-18 11:36:18,583 - INFO - controle_obras.main - AppContainer criado
2026-08-18 11:36:19,017 - INFO - controle_obras.main - Janela exibida
2026-08-18 11:44:03,536 - INFO - controle_obras.main - Iniciando aplicacao Controle de Obras
2026-08-18 11:44:03,568 - INFO - controle_obras.main - QApplication criado
2026-08-18 11:44:04,042 - INFO - controle_obras.main - AppContainer criado
2026-08-18 11:44:04,532 - INFO - controle_obras.main - Janela exibida
2026-08-18 11:44:50,349 - INFO - controle_obras.main - Iniciando aplicacao Controle de Obras
2026-08-18 11:44:50,381 - INFO - controle_obras.main - QApplication criado
2026-08-18 11:44:50,698 - INFO - controle_obras.main - AppContainer criado
2026-08-18 11:44:51,209 - INFO - controle_obras.main - Janela exibida
2026-08-18 11:46:31,742 - INFO - controle_obras.main - Iniciando aplicacao Controle de Obras
2026-08-18 11:46:31,776 - INFO - controle_obras.main - QApplication criado
2026-08-18 11:46:32,258 - INFO - controle_obras.main - AppContainer criado
2026-08-18 11:46:32,597 - INFO - controle_obras.main - Janela exibida
2026-08-18 11:48:35,565 - INFO - controle_obras.main - Iniciando aplicacao Controle de Obras
2026-08-18 11:48:35,597 - INFO - controle_obras.main - QApplication criado
2026-08-18 11:48:36,006 - INFO - controle_obras.main - AppContainer criado
2026-08-18 11:48:36,464 - INFO - controle_obras.main - Janela exibida
2026-08-18 11:49:56,677 - INFO - controle_obras.main - Iniciando aplicacao Controle de Obras
2026-08-18 11:49:56,713 - INFO - controle_obras.main - QApplication criado
2026-08-18 11:49:57,044 - INFO - controle_obras.main - AppContainer criado
2026-08-18 11:49:57,578 - INFO - controle_obras.main - Janela exibida
2026-08-18 11:54:43,460 - INFO - controle_obras.main - Iniciando aplicacao Controle de Obras
2026-08-18 11:54:43,650 - INFO - controle_obras.main - QApplication criado
2026-08-18 11:54:44,380 - INFO - controle_obras.main - AppContainer criado
2026-08-18 11:54:44,843 - INFO - controle_obras.main - Janela exibida
2026-08-18 12:03:17,994 - INFO - controle_obras.main - Iniciando aplicacao Controle de Obras
2026-08-18 12:03:18,104 - INFO - controle_obras.main - QApplication criado
2026-08-18 12:03:18,843 - INFO - controle_obras.main - AppContainer criado
2026-08-18 12:03:19,694 - INFO - controle_obras.main - Janela exibida
2026-08-18 12:05:21,181 - INFO - controle_obras.main - Iniciando aplicacao Controle de Obras
2026-08-18 12:05:21,210 - INFO - controle_obras.main - QApplication criado
2026-08-18 12:05:21,517 - INFO - controle_obras.main - AppContainer criado
2026-08-18 12:05:22,139 - INFO - controle_obras.main - Janela exibida
2026-08-18 12:08:01,302 - INFO - controle_obras.main - Iniciando aplicacao Controle de Obras
2026-08-18 12:08:01,338 - INFO - controle_obras.main - QApplication criado
2026-08-18 12:08:01,988 - INFO - controle_obras.main - AppContainer criado
2026-08-18 12:08:02,423 - INFO - controle_obras.main - Janela exibida
2026-08-18 12:10:10,325 - INFO - controle_obras.main - Iniciando aplicacao Controle de Obras
2026-08-18 12:10:10,364 - INFO - controle_obras.main - QApplication criado
2026-08-18 12:10:10,759 - INFO - controle_obras.main - AppContainer criado
2026-08-18 12:10:11,237 - INFO - controle_obras.main - Janela exibida
2026-08-18 12:12:27,862 - INFO - controle_obras.main - Iniciando aplicacao Controle de Obras
2026-08-18 12:12:27,892 - INFO - controle_obras.main - QApplication criado
2026-08-18 12:12:28,246 - INFO - controle_obras.main - AppContainer criado
2026-08-18 12:12:28,996 - INFO - controle_obras.main - Janela exibida
2026-08-18 12:14:29,813 - INFO - controle_obras.main - Iniciando aplicacao Controle de Obras
2026-08-18 12:14:29,846 - INFO - controle_obras.main - QApplication criado
2026-08-18 12:14:30,381 - INFO - controle_obras.main - AppContainer criado
2026-08-18 12:14:30,775 - INFO - controle_obras.main - Janela exibida
2026-08-18 12:17:15,721 - INFO - controle_obras.main - Iniciando aplicacao Controle de Obras
2026-08-18 12:17:15,863 - INFO - controle_obras.main - QApplication criado
2026-08-18 12:17:16,715 - INFO - controle_obras.main - AppContainer criado
2026-08-18 12:17:17,590 - INFO - controle_obras.main - Janela exibida
2026-08-18 12:18:45,311 - INFO - controle_obras.main - Iniciando aplicacao Controle de Obras
2026-08-18 12:18:45,345 - INFO - controle_obras.main - QApplication criado
2026-08-18 12:18:45,531 - INFO - controle_obras.main - AppContainer criado
2026-08-18 12:18:45,962 - INFO - controle_obras.main - Janela exibida
2026-08-18 12:21:36,661 - INFO - controle_obras.main - Iniciando aplicacao Controle de Obras
2026-08-18 12:21:36,700 - INFO - controle_obras.main - QApplication criado
2026-08-18 12:21:37,151 - INFO - controle_obras.main - AppContainer criado
2026-08-18 12:21:37,512 - INFO - controle_obras.main - Janela exibida
2026-08-18 12:22:39,830 - INFO - controle_obras.main - Iniciando aplicacao Controle de Obras
2026-08-18 12:22:39,861 - INFO - controle_obras.main - QApplication criado
2026-08-18 12:22:40,290 - INFO - controle_obras.main - AppContainer criado
2026-08-18 12:22:40,742 - INFO - controle_obras.main - Janela exibida
2026-08-18 12:25:02,869 - INFO - controle_obras.main - Iniciando aplicacao Controle de Obras
2026-08-18 12:25:02,903 - INFO - controle_obras.main - QApplication criado
2026-08-18 12:25:03,159 - INFO - controle_obras.main - AppContainer criado
2026-08-18 12:25:03,657 - INFO - controle_obras.main - Janela exibida
2026-08-18 12:26:31,307 - INFO - controle_obras.main - Iniciando aplicacao Controle de Obras
2026-08-18 12:26:31,429 - INFO - controle_obras.main - QApplication criado
2026-08-18 12:26:32,606 - INFO - controle_obras.main - AppContainer criado
2026-08-18 12:26:33,189 - INFO - controle_obras.main - Janela exibida
2026-08-18 12:38:54,247 - INFO - controle_obras.main - Iniciando aplicacao Controle de Obras
2026-08-18 12:38:54,313 - INFO - controle_obras.main - QApplication criado
2026-08-18 12:38:54,867 - INFO - controle_obras.main - AppContainer criado
2026-08-18 12:38:55,533 - INFO - controle_obras.main - Janela exibida
2026-08-18 12:42:30,475 - INFO - controle_obras.main - Iniciando aplicacao Controle de Obras
2026-08-18 12:42:30,512 - INFO - controle_obras.main - QApplication criado
2026-08-18 12:42:30,828 - INFO - controle_obras.main - AppContainer criado
2026-08-18 12:42:31,662 - INFO - controle_obras.main - Janela exibida
2026-08-18 12:44:04,363 - INFO - controle_obras.main - Iniciando aplicacao Controle de Obras
2026-08-18 12:44:04,394 - INFO - controle_obras.main - QApplication criado
2026-08-18 12:44:05,042 - INFO - controle_obras.main - AppContainer criado
2026-08-18 12:44:05,845 - INFO - controle_obras.main - Janela exibida
2026-08-18 12:45:09,243 - INFO - controle_obras.infrastructure.backup_history - Histórico: backup - iniciado
2026-08-18 12:45:09,253 - INFO - controle_obras.infrastructure.backup - Iniciando geração de backup completo.
2026-08-18 12:45:09,654 - INFO - controle_obras.infrastructure.backup - Backup concluído: C:\Users\cassi\OneDrive\Documentos\Controle de Obras\backup_2026-08-18_12-45-09.zip
2026-08-18 12:45:09,654 - INFO - controle_obras.infrastructure.backup_history - Histórico: backup - concluido
2026-08-18 13:18:02,286 - INFO - controle_obras.main - Iniciando aplicacao Controle de Obras
2026-08-18 13:18:02,330 - INFO - controle_obras.main - QApplication criado
2026-08-18 13:18:03,136 - INFO - controle_obras.main - AppContainer criado
2026-08-18 13:18:03,842 - INFO - controle_obras.main - Janela exibida
2026-08-18 13:20:05,345 - INFO - controle_obras.main - Iniciando aplicacao Controle de Obras
2026-08-18 13:20:05,397 - INFO - controle_obras.main - QApplication criado
2026-08-18 13:20:05,771 - INFO - controle_obras.main - AppContainer criado
2026-08-18 13:20:06,319 - INFO - controle_obras.main - Janela exibida
